Make,Year,BaseModel,VehicleKey,BodyClass,Cylinders,Displacement,Transmission,Drivetrain,FuelType,CityMPG,HighwayMPG
Acura,0,Unknown,3291189881588579,Unknown,0.0,0.0,Unknown,Unknown,Unknown,0,0
Acura,2023,Integra,503979296255358,Large Cars,4.0,1.5,Automatic 7,FWD,Premium Gasoline,26,36
Acura,2023,MDX,1546341626406789,Small Sport Utility Vehicle 2WD,6.0,3.5,Automatic 10,AWD,Premium Gasoline,19,21
Acura,2023,RDX,3361168715639344,Small Sport Utility Vehicle 2WD,4.0,2.0,Automatic 10,AWD,Premium Gasoline,21,27
Acura,2023,TLX,6921430614010058,Compact Cars,4.0,2.0,Automatic 10,AWD,Premium Gasoline,19,29
Acura,2024,Integra,503979346588215,Large Cars,4.0,1.5,Automatic 7,FWD,Premium Gasoline,21,36
Acura,2024,MDX,1546341508963456,Small Sport Utility Vehicle 2WD,6.0,3.5,Automatic 10,AWD,Premium Gasoline,19,21
Acura,2024,RDX,3361168833082677,Small Sport Utility Vehicle 4WD,4.0,2.0,Automatic 10,AWD,Premium Gasoline,21,26
Acura,2024,TLX,6921430530121963,Compact Cars,4.0,2.0,Automatic 10,AWD,Premium Gasoline,19,25
Acura,2024,ZDX,7155397869991917,Standard Sport Utility Vehicle 2WD,0.0,0.0,Automatic 1,AWD,Electricity,94,80
Acura,2025,Integra,503979329810596,Large Cars,4.0,1.5,Automatic 7,FWD,Premium Gasoline,26,36
Alfa Romeo,0,Unknown,408630121428499,Unknown,0.0,0.0,Unknown,Unknown,Unknown,0,0
Alfa Romeo,2023,Giulia,7046047688635631,Midsize Cars,4.0,2.0,Automatic 8,RWD,Premium Gasoline,17,25
Alfa Romeo,2023,Stelvio,8245919004445098,Small Sport Utility Vehicle 4WD,4.0,2.0,Automatic 8,AWD,Premium Gasoline,22,23
Alfa Romeo,2024,Giulia,7046047638302774,Midsize Cars,4.0,2.0,Automatic 8,RWD,Premium Gasoline,17,25
Alfa Romeo,2024,Stelvio,8245918920557003,Small Sport Utility Vehicle 4WD,4.0,2.0,Automatic 8,AWD,Premium Gasoline,22,23
Alfa Romeo,2024,Tonale eAWD,3927751999986875,Small Sport Utility Vehicle 4WD,4.0,1.3,Automatic 6,AWD,Regular Gasoline,29,29
Aston Martin,0,Unknown,3428806009746287,Unknown,0.0,0.0,Unknown,Unknown,Unknown,0,0
Aston Martin,2023,DB11,7217503109406456,Minicompact Cars,8.0,4.0,Automatic 8,RWD,Premium Gasoline,14,22
Aston Martin,2023,DBS,1925628544663421,Minicompact Cars,12.0,5.2,Automatic 8,RWD,Premium Gasoline,14,22
Aston Martin,2023,DBX 707,1258778326521058,Standard Sport Utility Vehicle 4WD,8.0,4.0,Automatic 9,4WD,Premium Gasoline,15,20
Aston Martin,2023,DBX V8,7739276787957158,Standard Sport Utility Vehicle 4WD,8.0,4.0,Automatic 9,4WD,Premium Gasoline,14,20
Aston Martin,2023,Vantage,2224989801138728,Two Seaters,8.0,4.0,Automatic 8,RWD,Premium Gasoline,14,22
Aston Martin,2024,DB12 V8,574292126462418,Minicompact Cars,8.0,4.0,Automatic 8,RWD,Premium Gasoline,15,22
Aston Martin,2024,DBX 707,1258778242632963,Standard Sport Utility Vehicle 4WD,8.0,4.0,Automatic 9,4WD,Premium Gasoline,15,20
Aston Martin,2024,DBX V8,7739276838290015,Standard Sport Utility Vehicle 4WD,8.0,4.0,Automatic 9,4WD,Premium Gasoline,14,20
Aston Martin,2024,Valour,7037454929067218,Two Seaters,12.0,5.2,Manual 6,RWD,Premium Gasoline,12,18
Aston Martin,2025,DB12 V8,574292143240037,Minicompact Cars,8.0,4.0,Automatic 8,RWD,Premium Gasoline,15,22
Aston Martin,2025,DBX 707,1258778225855344,Standard Sport Utility Vehicle 4WD,8.0,4.0,Automatic 9,4WD,Premium Gasoline,15,20
Aston Martin,2025,Vantage,2224989901804442,Two Seaters,8.0,4.0,Automatic 8,RWD,Premium Gasoline,15,22
Audi,0,Unknown,2404150018800698,Unknown,0.0,0.0,Unknown,Unknown,Unknown,0,0
Audi,2023,A3,3179277194477333,Subcompact Cars,4.0,2.0,Automatic 7,AWD,Regular Gasoline,27,35
Audi,2023,A4,369019246541536,Compact Cars,4.0,2.0,Automatic 7,AWD,Premium Gasoline,24,30
Audi,2023,A5,8803572631719363,Midsize Cars,4.0,2.0,Automatic 7,AWD,Premium Gasoline,24,32
Audi,2023,A6,1876621535629446,Midsize Cars,6.0,3.0,Automatic 7,AWD,Premium Gasoline,21,30
Audi,2023,A7,168250077033225,Midsize Cars,6.0,3.0,Automatic 7,AWD,Premium Gasoline,21,30
Audi,2023,A8,9534755180792196,Large Cars,6.0,3.0,Automatic 8,AWD,Premium Gasoline,19,28
Audi,2023,Q3,9755265608167429,Small Sport Utility Vehicle 4WD,4.0,2.0,Automatic 8,AWD,Regular Gasoline,21,28
Audi,2023,Q4 e-tron,7959153376038561,Standard Sport Utility Vehicle 4WD,0.0,0.0,Automatic 1,AWD,Electricity,97,87
Audi,2023,Q5,2255236858908851,Small Sport Utility Vehicle 4WD,4.0,2.0,Automatic 7,AWD,Premium Gasoline,22,29
Audi,2023,Q7,164781171705,Standard Sport Utility Vehicle 4WD,4.0,2.0,Automatic 8,AWD,Premium Gasoline,18,22
Audi,2023,Q8,2986419407981684,Standard Sport Utility Vehicle 4WD,6.0,3.0,Automatic 8,AWD,Premium Gasoline,18,23
Audi,2023,R8,1341242644065795,Two Seaters,10.0,5.2,Automatic 7,RWD,Premium Gasoline,14,18
Audi,2023,RS,9807054235415262,Midsize Cars,6.0,2.9,Automatic 8,AWD,Premium Gasoline,14,21
Audi,2023,RS Q8,4567114451259743,Standard Sport Utility Vehicle 4WD,8.0,4.0,Automatic 8,AWD,Premium Gasoline,13,20
Audi,2023,RS e-tron GT,8683122413537348,Midsize Cars,0.0,0.0,Automatic 2,AWD,Electricity,79,82
Audi,2023,S3,6549911027267223,Subcompact Cars,4.0,2.0,Automatic 7,AWD,Premium Gasoline,23,32
Audi,2023,S4,7149921587558286,Compact Cars,6.0,3.0,Automatic 8,4WD,Premium Gasoline,21,30
Audi,2023,S5,8418653121514993,Subcompact Cars,6.0,3.0,Automatic 8,4WD,Premium Gasoline,21,30
Audi,2023,S6,5348631828899944,Midsize Cars,6.0,2.9,Automatic 8,AWD,Premium Gasoline,19,26
Audi,2023,S7,8723509001144011,Midsize Cars,6.0,2.9,Automatic 8,AWD,Premium Gasoline,19,26
Audi,2023,S8,37065359414082,Large Cars,8.0,4.0,Automatic 8,AWD,Premium Gasoline,15,23
Audi,2023,SQ5,3414213260408742,Small Sport Utility Vehicle 4WD,6.0,3.0,Automatic 8,4WD,Premium Gasoline,19,24
Audi,2023,SQ7,9152589445432576,Standard Sport Utility Vehicle 4WD,8.0,4.0,Automatic 8,AWD,Premium Gasoline,14,20
Audi,2023,SQ8,9264604675321709,Standard Sport Utility Vehicle 4WD,8.0,4.0,Automatic 8,AWD,Premium Gasoline,14,20
Audi,2023,TT,1313186397517629,Subcompact Cars,4.0,2.0,Automatic 7,AWD,Regular Gasoline,23,30
Audi,2023,TTS Coupe,8647222855113628,Subcompact Cars,4.0,2.0,Automatic 7,AWD,Premium Gasoline,23,31
Audi,2023,e-tron,4272371476694640,Standard Sport Utility Vehicle 4WD,0.0,0.0,Automatic 2,AWD,Electricity,77,79
Audi,2023,e-tron GT,2093646732953591,Midsize Cars,0.0,0.0,Automatic 2,AWD,Electricity,81,83
Audi,2023,e-tron S,4413780918863723,Standard Sport Utility Vehicle 4WD,0.0,0.0,Automatic 1,AWD,Electricity,62,64
Audi,2024,A3,3179277077034000,Subcompact Cars,4.0,2.0,Automatic 7,4WD,Regular Gasoline,27,34
Audi,2024,A4,369019363984869,Compact Cars,4.0,2.0,Automatic 7,AWD,Premium Gasoline,23,30
Audi,2024,A5,8803572715607458,Midsize Cars,4.0,2.0,Automatic 7,AWD,Premium Gasoline,24,32
Audi,2024,A6,1876621585962303,Midsize Cars,6.0,3.0,Automatic 7,AWD,Premium Gasoline,22,30
Audi,2024,A7,168250093810844,Midsize Cars,6.0,3.0,Automatic 7,AWD,Premium Gasoline,22,30
Audi,2024,A8,9534755164014577,Large Cars,6.0,3.0,Automatic 8,AWD,Premium Gasoline,19,28
Audi,2024,Q3,9755265490724096,Small Sport Utility Vehicle 4WD,4.0,2.0,Automatic 8,AWD,Regular Gasoline,20,28
Audi,2024,Q4 e-tron,7959153392816180,Standard Sport Utility Vehicle 4WD,0.0,0.0,Automatic 1,AWD,Electricity,107,92
Audi,2024,Q5,2255236942796946,Small Sport Utility Vehicle 4WD,4.0,2.0,Automatic 7,AWD,Premium Gasoline,22,28
Audi,2024,Q7,164797949324,Standard Sport Utility Vehicle 4WD,4.0,2.0,Automatic 8,AWD,Premium Gasoline,19,24
Audi,2024,Q8,2986419391204065,Standard Sport Utility Vehicle 4WD,6.0,3.0,Automatic 8,AWD,Premium Gasoline,17,23
Audi,2024,Q8 e-tron,7181653709942968,Standard Sport Utility Vehicle 4WD,0.0,0.0,Automatic 2,AWD,Electricity,84,83
Audi,2024,RS,9807054285748119,Midsize Cars,6.0,2.9,Automatic 8,AWD,Premium Gasoline,14,22
Audi,2024,RS Q8,4567114400926886,Standard Sport Utility Vehicle 4WD,8.0,4.0,Automatic 8,AWD,Premium Gasoline,13,19
Audi,2024,RS e-tron GT,8683122396759729,Midsize Cars,0.0,0.0,Automatic 2,AWD,Electricity,85,85
Audi,2024,S3,6549910976934366,Subcompact Cars,4.0,2.0,Automatic 7,AWD,Premium Gasoline,23,32
Audi,2024,S4,7149921637891143,Compact Cars,6.0,3.0,Automatic 8,AWD,Premium Gasoline,21,29
Audi,2024,S5,8418653138292612,Subcompact Cars,6.0,3.0,Automatic 8,AWD,Premium Gasoline,20,29
Audi,2024,S6,5348631946343277,Midsize Cars,6.0,2.9,Automatic 8,AWD,Premium Gasoline,19,26
Audi,2024,S7,8723509085032106,Midsize Cars,6.0,2.9,Automatic 8,AWD,Premium Gasoline,19,26
Audi,2024,S8,37065275525987,Large Cars,8.0,4.0,Automatic 8,AWD,Premium Gasoline,15,24
Audi,2024,SQ5,3414213310741599,Small Sport Utility Vehicle 4WD,6.0,3.0,Automatic 8,AWD,Premium Gasoline,19,24
Audi,2024,SQ7,9152589562875909,Standard Sport Utility Vehicle 4WD,8.0,4.0,Automatic 8,4WD,Premium Gasoline,15,21
Audi,2024,SQ8,9264604557878376,Standard Sport Utility Vehicle 4WD,8.0,4.0,Automatic 8,AWD,Premium Gasoline,15,21
Audi,2024,SQ8 e-tron,1797096254049597,Standard Sport Utility Vehicle 4WD,0.0,0.0,Automatic 2,AWD,Electricity,62,63
Audi,2024,e-tron GT,2093646682620734,Midsize Cars,0.0,0.0,Automatic 2,AWD,Electricity,85,85
Audi,2025,Q7,164814726943,Standard Sport Utility Vehicle 4WD,4.0,2.0,Automatic 8,AWD,Premium Gasoline,18,23
Audi,2025,SQ7,9152589546098290,Standard Sport Utility Vehicle 4WD,8.0,4.0,Automatic 8,AWD,Premium Gasoline,15,21
BMW,0,Unknown,5826783019741363,Unknown,0.0,0.0,Unknown,Unknown,Unknown,0,0
BMW,2023,2 Series,9645601390665313,Subcompact Cars,4.0,2.0,Automatic 8,AWD,Premium Gasoline,24,32
BMW,2023,3 Series,6148149621682534,Compact Cars,4.0,2.0,Automatic 8,AWD,Premium Gasoline,23,32
BMW,2023,4 Series,9417527983342239,Subcompact Cars,4.0,2.0,Automatic 8,AWD,Premium Gasoline,23,31
BMW,2023,5 Series,7012486304660908,Midsize Cars,4.0,2.0,Automatic 8,AWD,Premium Gasoline,22,29
BMW,2023,7 Series,9405945856296346,Large Cars,6.0,3.0,Automatic 8,AWD,Premium Gasoline,18,26
BMW,2023,8 Series,6730768795233891,Subcompact Cars,6.0,3.0,Automatic 8,AWD,Premium Gasoline,21,29
BMW,2023,M,7428728928328537,Subcompact Cars,6.0,3.0,Automatic 8,AWD,Premium Gasoline,16,23
BMW,2023,X1,3567234088243143,Small Sport Utility Vehicle 4WD,4.0,2.0,Automatic 7,AWD,Premium Gasoline,25,34
BMW,2023,X2,4970749667210346,Midsize Cars,4.0,2.0,Automatic 8,AWD,Premium Gasoline,24,31
BMW,2023,X3,1312162010505997,Small Sport Utility Vehicle 4WD,6.0,3.0,Automatic 8,AWD,Premium Gasoline,15,20
BMW,2023,X4,2365952742340632,Small Sport Utility Vehicle 4WD,6.0,3.0,Automatic 8,AWD,Premium Gasoline,15,20
BMW,2023,X5,2834630484583163,Standard Sport Utility Vehicle 4WD,6.0,3.0,Automatic 8,AWD,Premium Gasoline,13,18
BMW,2023,X6,8136714589426366,Standard Sport Utility Vehicle 4WD,8.0,4.4,Automatic 8,AWD,Premium Gasoline,13,18
BMW,2023,X7,5435976182490913,Standard Sport Utility Vehicle 4WD,8.0,4.4,Automatic 8,AWD,Premium Gasoline,16,20
BMW,2023,XM,8191946220692563,Standard Sport Utility Vehicle 4WD,8.0,4.4,Automatic 8,AWD,Premium Gasoline,12,17
BMW,2023,Z4,1620655942502838,Two Seaters,4.0,2.0,Automatic 8,RWD,Premium Gasoline,23,31
BMW,2023,i4,2898306170144481,Subcompact Cars,0.0,0.0,Automatic 1,RWD,Electricity,79,98
BMW,2023,i7,3084209020442584,Large Cars,0.0,0.0,Automatic 1,AWD,Electricity,81,85
BMW,2023,iX,4773891408341557,Standard Sport Utility Vehicle 4WD,0.0,0.0,Automatic 1,AWD,Electricity,86,80
BMW,2024,2 Series,9645601407442932,Subcompact Cars,4.0,2.0,Automatic 8,AWD,Premium Gasoline,23,33
BMW,2024,3 Series,6148149672015391,Compact Cars,4.0,2.0,Automatic 8,AWD,Premium Gasoline,23,31
BMW,2024,4 Series,9417527933009382,Subcompact Cars,4.0,2.0,Automatic 8,AWD,Premium Gasoline,23,33
BMW,2024,5 Series,7012486287883289,Midsize Cars,4.0,2.0,Automatic 8,AWD,Premium Gasoline,27,35
BMW,2024,7 Series,9405945772408251,Large Cars,6.0,3.0,Automatic 8,AWD,Premium Gasoline,18,31
BMW,2024,8 Series,6730768879121986,Subcompact Cars,6.0,3.0,Automatic 8,AWD,Premium Gasoline,21,29
BMW,2024,M,7428728945106156,Subcompact Cars,6.0,3.0,Automatic 8,AWD,Premium Gasoline,16,22
BMW,2024,X1,3567234037910286,Small Sport Utility Vehicle 4WD,4.0,2.0,Automatic 7,AWD,Premium Gasoline,23,31
BMW,2024,X2,4970749583322251,Small Sport Utility Vehicle 4WD,4.0,2.0,Automatic 7,AWD,Premium Gasoline,23,32
BMW,2024,X3,1312161893062664,Small Sport Utility Vehicle 4WD,6.0,3.0,Automatic 8,AWD,Premium Gasoline,15,20
BMW,2024,X4,2365952859783965,Small Sport Utility Vehicle 4WD,6.0,3.0,Automatic 8,AWD,Premium Gasoline,15,20
BMW,2024,X5,2834630568471258,Standard Sport Utility Vehicle 4WD,6.0,3.0,Automatic 8,AWD,Premium Gasoline,23,27
BMW,2024,X6,8136714639759223,Standard Sport Utility Vehicle 4WD,8.0,4.4,Automatic 8,AWD,Premium Gasoline,13,18
BMW,2024,X7,5435976199268532,Standard Sport Utility Vehicle 4WD,8.0,4.4,Automatic 8,AWD,Premium Gasoline,16,20
BMW,2024,XM,8191946304580658,Standard Sport Utility Vehicle 4WD,8.0,4.4,Automatic 8,AWD,Premium Gasoline,12,17
BMW,2024,Z4,1620655992835695,Two Seaters,4.0,2.0,Automatic 8,RWD,Premium Gasoline,23,31
BMW,2024,i4,2898306186922100,Subcompact Cars,0.0,0.0,Automatic 1,4WD,Electricity,79,80
BMW,2024,i5,5599044627412791,Compact Cars,0.0,0.0,Automatic 1,4WD,Electricity,85,86
BMW,2024,i7,3084209137885917,Large Cars,0.0,0.0,Automatic 1,4WD,Electricity,86,80
BMW,2024,iX,4773891290898224,Standard Sport Utility Vehicle 4WD,0.0,0.0,Automatic 1,AWD,Electricity,83,82
BMW,2025,4 Series,9417527949787001,Subcompact Cars,4.0,2.0,Automatic 8,AWD,Premium Gasoline,27,33
BMW,2025,8 Series,6730768895899605,Subcompact Cars,6.0,3.0,Automatic 8,AWD,Premium Gasoline,21,29
BMW,2025,M,7428728961883775,Subcompact Cars,6.0,3.0,Automatic 8,AWD,Premium Gasoline,16,22
BMW,2025,X5,2834630585248877,Standard Sport Utility Vehicle 4WD,6.0,3.0,Automatic 8,AWD,Premium Gasoline,23,27
BMW,2025,X6,8136714622981604,Standard Sport Utility Vehicle 4WD,8.0,4.4,Automatic 8,AWD,Premium Gasoline,13,18
BMW,2025,X7,5435976216046151,Standard Sport Utility Vehicle 4WD,8.0,4.4,Automatic 8,AWD,Premium Gasoline,16,20
BMW,2025,Z4,1620655976058076,Two Seaters,6.0,3.0,Automatic 8,RWD,Premium Gasoline,19,26
Bentley,0,Unknown,9279759041041202,Unknown,0.0,0.0,Unknown,Unknown,Unknown,0,0
Bentley,2023,Bentayga,6613673484388104,Standard Sport Utility Vehicle 4WD,8.0,4.0,Automatic 8,AWD,Premium Gasoline,14,21
Bentley,2023,Continental,7482397590633380,Minicompact Cars,8.0,4.0,Automatic 8,AWD,Premium Gasoline,12,18
Bentley,2023,Flying Spur,6468688645087010,Midsize Cars,6.0,2.9,Automatic 8,AWD,Premium Gasoline,12,22
Bentley,2024,Bentayga,6613673601831437,Standard Sport Utility Vehicle 4WD,8.0,4.0,Automatic 8,AWD,Premium Gasoline,14,21
Bentley,2024,Continental,7482397573855761,Minicompact Cars,8.0,4.0,Automatic 8,AWD,Premium Gasoline,12,19
Bentley,2024,Flying Spur,6468688561198915,Midsize Cars,6.0,2.9,Automatic 8,AWD,Premium Gasoline,12,19
Bugatti,0,Unknown,4666887335763773,Unknown,0.0,0.0,Unknown,Unknown,Unknown,0,0
Bugatti,2023,Chiron,3390670805259743,Two Seaters,16.0,8.0,Automatic 7,AWD,Premium Gasoline,8,11
Bugatti,2024,Chiron,3390670754926886,Two Seaters,16.0,8.0,Automatic 7,AWD,Premium Gasoline,8,11
Buick,0,Unknown,4960220375123743,Unknown,0.0,0.0,Unknown,Unknown,Unknown,0,0
Buick,2023,Enclave,9640733541925132,Standard Sport Utility Vehicle 2WD,6.0,3.6,Automatic 9,AWD,Regular Gasoline,17,25
Buick,2023,Encore,8370439464011832,Small Sport Utility Vehicle 2WD,3.0,1.3,Automatic CVT,FWD,Regular Gasoline,29,29
Buick,2023,Envision,1070971150558979,Small Sport Utility Vehicle 2WD,4.0,2.0,Automatic 9,AWD,Regular Gasoline,22,29
Buick,2024,Enclave,9640733525147513,Standard Sport Utility Vehicle 2WD,6.0,3.6,Automatic 9,AWD,Regular Gasoline,17,25
Buick,2024,Encore,8370439581455165,Small Sport Utility Vehicle 2WD,3.0,1.3,Automatic CVT,FWD,Regular Gasoline,26,31
Buick,2024,Envista,5609314130203931,Small Station Wagons,3.0,1.2,Automatic 6,FWD,Regular Gasoline,28,32
Buick,2025,Encore,8370439564677546,Small Sport Utility Vehicle 2WD,3.0,1.3,Automatic CVT,FWD,Regular Gasoline,26,31
Buick,2025,Envista,5609314113426312,Small Station Wagons,3.0,1.2,Automatic 6,FWD,Regular Gasoline,28,32
Cadillac,0,Unknown,6941268272467332,Unknown,0.0,0.0,Unknown,Unknown,Unknown,0,0
Cadillac,2023,CT4,6145573391456290,Compact Cars,4.0,2.7,Automatic 10,RWD,Premium Gasoline,20,29
Cadillac,2023,CT5,9825085461469829,Midsize Cars,6.0,3.0,Automatic 10,RWD,Premium Gasoline,18,21
Cadillac,2023,Escalade,4989005175319291,Standard Sport Utility Vehicle 4WD,8.0,6.2,Automatic 10,4WD,Premium Gasoline,14,16
Cadillac,2023,LYRIQ,5049899142383266,Small Sport Utility Vehicle 2WD,0.0,0.0,Automatic 1,AWD,Electricity,96,81
Cadillac,2023,XT4,6568241219268839,Small Sport Utility Vehicle 2WD,4.0,2.0,Automatic 9,AWD,Premium Gasoline,22,29
Cadillac,2023,XT5,9740660894832484,Small Sport Utility Vehicle 2WD,4.0,2.0,Automatic 9,AWD,Premium Gasoline,20,23
Cadillac,2023,XT6,7932918664582701,Small Sport Utility Vehicle 2WD,4.0,2.0,Automatic 9,AWD,Premium Gasoline,21,26
Cadillac,2024,CT4,6145573307568195,Compact Cars,4.0,2.7,Automatic 10,RWD,Premium Gasoline,21,29
Cadillac,2024,CT5,9825085344026496,Midsize Cars,6.0,3.0,Automatic 10,RWD,Premium Gasoline,18,21
Cadillac,2024,Escalade,4989005259207386,Standard Sport Utility Vehicle 4WD,8.0,6.2,Automatic 10,4WD,Premium Gasoline,14,16
Cadillac,2024,LYRIQ,5049899058495171,Small Sport Utility Vehicle 2WD,0.0,0.0,Automatic 1,AWD,Electricity,95,81
Cadillac,2024,XT4,6568241168935982,Small Sport Utility Vehicle 2WD,4.0,2.0,Automatic 9,AWD,Premium Gasoline,23,28
Cadillac,2024,XT5,9740660878054865,Small Sport Utility Vehicle 2WD,4.0,2.0,Automatic 9,AWD,Premium Gasoline,20,23
Cadillac,2024,XT6,7932918547139368,Small Sport Utility Vehicle 2WD,4.0,2.0,Automatic 9,AWD,Premium Gasoline,21,26
Cadillac,2025,CT5,9825085360804115,Midsize Cars,6.0,3.0,Automatic 10,AWD,Premium Gasoline,18,26
Chevrolet,0,Unknown,6312893571399229,Unknown,0.0,0.0,Unknown,Unknown,Unknown,0,0
Chevrolet,2023,Blazer,990885250964264,Small Sport Utility Vehicle 2WD,4.0,2.0,Automatic 9,AWD,Regular Gasoline,19,27
Chevrolet,2023,Bolt EUV,9223539464574353,Small Station Wagons,0.0,0.0,Automatic 1,FWD,Electricity,125,104
Chevrolet,2023,Bolt EV,6577351209564686,Small Station Wagons,0.0,0.0,Automatic 1,FWD,Electricity,131,109
Chevrolet,2023,Camaro,8826451230626691,Subcompact Cars,8.0,6.2,Manual 6,RWD,Premium Gasoline,16,26
Chevrolet,2023,Colorado,3153517723645469,Small Pickup Trucks 4WD,4.0,2.7,Automatic 8,4WD,Regular Gasoline,17,23
Chevrolet,2023,Corvette,2196331193809290,Two Seaters,8.0,5.5,Automatic 8,RWD,Premium Gasoline,12,19
Chevrolet,2023,Equinox,7956982515640561,Small Sport Utility Vehicle 2WD,4.0,1.5,Automatic 6,AWD,Regular Gasoline,24,30
Chevrolet,2023,Malibu,5785042066140262,Midsize Cars,4.0,1.5,Automatic CVT,FWD,Regular Gasoline,27,35
Chevrolet,2023,Silverado,4708503953274293,Standard Pickup Trucks 4WD,8.0,5.3,Automatic 10,4WD,Regular Gasoline,15,20
Chevrolet,2023,Suburban,4883975416957984,Standard Sport Utility Vehicle 2WD,8.0,3.0,Automatic 10,4WD,Diesel,14,20
Chevrolet,2023,Tahoe,2866879294111345,Standard Sport Utility Vehicle 4WD,8.0,5.3,Automatic 10,4WD,Regular Gasoline,14,20
Chevrolet,2023,Trailblazer,9994765852574078,Small Sport Utility Vehicle 2WD,3.0,1.3,Automatic CVT,FWD,Regular Gasoline,29,30
Chevrolet,2023,Traverse,169881396221452,Standard Sport Utility Vehicle 2WD,6.0,3.6,Automatic 9,AWD,Regular Gasoline,17,25
Chevrolet,2024,Blazer,990885368407597,Small Sport Utility Vehicle 2WD,0.0,0.0,Automatic 9,AWD,Regular Gasoline,22,26
Chevrolet,2024,Camaro,8826451314514786,Subcompact Cars,8.0,6.2,Automatic 10,RWD,Premium Gasoline,16,26
Chevrolet,2024,Colorado,3153517606202136,Small Pickup Trucks 4WD,4.0,2.7,Automatic 8,4WD,Regular Gasoline,17,24
Chevrolet,2024,Corvette,2196331109921195,Two Seaters,8.0,5.5,Automatic 8,RWD,Premium Gasoline,12,19
Chevrolet,2024,Equinox,7956982532418180,Small Sport Utility Vehicle 2WD,0.0,0.0,Automatic 1,AWD,Electricity,24,30
Chevrolet,2024,Silverado,4708503835830960,Standard Pickup Trucks 4WD,8.0,5.3,Automatic 10,4WD,Regular Gasoline,15,19
Chevrolet,2024,Suburban,4883975534401317,Standard Sport Utility Vehicle 2WD,8.0,3.0,Automatic 10,4WD,Diesel,14,18
Chevrolet,2024,Tahoe,2866879310888964,Standard Sport Utility Vehicle 4WD,8.0,5.3,Automatic 10,4WD,Regular Gasoline,14,20
Chevrolet,2024,Trailblazer,9994765902906935,Small Sport Utility Vehicle 2WD,3.0,1.3,Automatic 9,AWD,Regular Gasoline,26,29
Chevrolet,2024,Traverse,169881379443833,Standard Sport Utility Vehicle 2WD,6.0,3.6,Automatic 9,AWD,Regular Gasoline,17,25
Chevrolet,2024,Trax,6290172228147156,Small Station Wagons,3.0,1.2,Automatic 6,FWD,Regular Gasoline,28,32
Chevrolet,2025,Trailblazer,9994765886129316,Small Sport Utility Vehicle 2WD,3.0,1.3,Automatic CVT,FWD,Regular Gasoline,26,29
Chevrolet,2025,Trax,6290172244924775,Small Station Wagons,3.0,1.2,Automatic 6,FWD,Regular Gasoline,28,31
Chrysler,0,Unknown,7654138238105853,Unknown,0.0,0.0,Unknown,Unknown,Unknown,0,0
Chrysler,2023,300,8356766379196533,Large Cars,6.0,3.6,Automatic 8,RWD,Regular Gasoline,15,24
Chrysler,2023,Pacifica,8633160518802192,Minivan - 2WD,6.0,3.6,Automatic 9,FWD,Regular Gasoline,17,25
Chrysler,2023,Voyager,2171023513064349,Minivan - 2WD,6.0,3.6,Automatic 9,FWD,Regular Gasoline,19,28
Chrysler,2024,Pacifica,8633160636245525,Minivan - 2WD,6.0,3.6,Automatic 9,FWD,Regular Gasoline,17,25
Chrysler,2024,Voyager,2171023395621016,Minivan - 2WD,6.0,3.6,Automatic 9,FWD,Regular Gasoline,19,28
Dodge,0,Unknown,869295622334414,Unknown,0.0,0.0,Unknown,Unknown,Unknown,0,0
Dodge,2023,Challenger,6602422791618792,Midsize Cars,8.0,6.2,Automatic 8,RWD,Premium Gasoline,13,21
Dodge,2023,Charger,273967443129735,Large Cars,8.0,3.6,Automatic 8,RWD,Premium Gasoline,15,24
Dodge,2023,Durango,9203591768580059,Standard Sport Utility Vehicle 4WD,8.0,3.6,Automatic 8,AWD,Midgrade Gasoline,14,22
Dodge,2023,Hornet,2629665684196369,Small Sport Utility Vehicle 4WD,4.0,2.0,Automatic 9,AWD,Regular Gasoline,21,29
Dodge,2024,Durango,9203591852468154,Standard Sport Utility Vehicle 4WD,8.0,3.6,Automatic 8,AWD,Midgrade Gasoline,14,22
Dodge,2024,Hornet,2629665700973988,Small Sport Utility Vehicle 4WD,4.0,1.3,Automatic 6,AWD,Regular Gasoline,21,29
Dodge,2025,Hornet,2629665717751607,Small Sport Utility Vehicle 4WD,4.0,2.0,Automatic 9,AWD,Regular Gasoline,21,29
Ferrari,0,Unknown,9111301056797196,Unknown,0.0,0.0,Unknown,Unknown,Unknown,0,0
Ferrari,2023,296 GTB Spider,4345469735720666,Two Seaters,6.0,2.9,Automatic 8,RWD,Premium Gasoline,15,21
Ferrari,2023,812 Competizione,2236902447885056,Two Seaters,12.0,6.5,Automatic 7,RWD,Premium Gasoline,12,16
Ferrari,2023,812 GTS,1871763260174182,Two Seaters,12.0,6.5,Automatic 7,RWD,Premium Gasoline,12,15
Ferrari,2023,Daytona SP3,8240202112634817,Two Seaters,12.0,6.5,Automatic 7,RWD,Premium Gasoline,12,16
Ferrari,2023,F175 AHA,4029739320876456,Compact Cars,12.0,6.5,Automatic 8,AWD,Premium Gasoline,11,15
Ferrari,2023,F8 Spider,5884568607443720,Two Seaters,8.0,3.9,Automatic 7,RWD,Premium Gasoline,15,18
Ferrari,2023,F8 Tributo,2300170851107772,Two Seaters,8.0,3.9,Automatic 7,RWD,Premium Gasoline,15,19
Ferrari,2023,Monza SP1,6025196105214880,Two Seaters,12.0,6.5,Automatic 7,RWD,Premium Gasoline,12,15
Ferrari,2023,Monza SP2,5824426935706569,Two Seaters,12.0,6.5,Automatic 7,RWD,Premium Gasoline,12,15
Ferrari,2023,Portofino,8512761865598941,Minicompact Cars,8.0,3.9,Automatic 8,RWD,Premium Gasoline,16,23
Ferrari,2023,Roma,4256071658946674,Subcompact Cars,8.0,3.9,Automatic 8,RWD,Premium Gasoline,17,22
Ferrari,2023,SF90 Spider,5655724338142982,Two Seaters,8.0,3.9,Automatic 8,AWD,Premium Gasoline,16,19
Ferrari,2023,SF90 Stradale,3781195263152721,Two Seaters,8.0,3.9,Automatic 8,AWD,Premium Gasoline,16,20
Ferrari,2024,812 Competizione,2236902565328389,Two Seaters,12.0,6.5,Automatic 7,RWD,Premium Gasoline,12,16
Ferrari,2024,Daytona SP3,8240202129412436,Two Seaters,12.0,6.5,Automatic 7,RWD,Premium Gasoline,12,16
Ferrari,2024,Purosangue,7641835206681223,Standard Sport Utility Vehicle 4WD,12.0,6.5,Automatic 8,AWD,Premium Gasoline,11,15
Ferrari,2024,Roma,4256071575058579,Minicompact Cars,8.0,3.9,Automatic 8,RWD,Premium Gasoline,17,22
Ferrari,2024,SF90 Spider,5655724388475839,Two Seaters,8.0,3.9,Automatic 8,AWD,Premium Gasoline,16,19
Ferrari,2024,SF90 Stradale,3781195279930340,Two Seaters,8.0,3.9,Automatic 8,AWD,Premium Gasoline,16,20
Fiat,0,Unknown,5176012641192475,Unknown,0.0,0.0,Unknown,Unknown,Unknown,0,0
Fiat,2023,500,471565982714473,Small Sport Utility Vehicle 4WD,4.0,1.3,Automatic 9,AWD,Regular Gasoline,24,30
Fiat,2024,500e,3989598819166675,Minicompact Cars,0.0,0.0,Automatic 1,FWD,Electricity,121,100
Fisker,0,Unknown,244528279906487,Unknown,0.0,0.0,Unknown,Unknown,Unknown,0,0
Fisker,2023,Ocean,5523174940083860,Standard Sport Utility Vehicle 4WD,0.0,0.0,Automatic 1,4WD,Electricity,99,84
Ford,0,Unknown,660615385035114,Unknown,0.0,0.0,Unknown,Unknown,Unknown,0,0
Ford,2023,Bronco,461252240124926,Small Sport Utility Vehicle 4WD,4.0,2.3,Automatic 10,4WD,Regular Gasoline,16,17
Ford,2023,Bronco Sport,7686678485295558,Small Sport Utility Vehicle 4WD,3.0,1.5,Automatic 8,4WD,Regular Gasoline,21,26
Ford,2023,Edge,1423490017525384,Small Sport Utility Vehicle 4WD,4.0,2.0,Automatic 8,AWD,Regular Gasoline,19,28
Ford,2023,Escape,4469745483264098,Small Sport Utility Vehicle 2WD,4.0,2.5,Automatic 8,FWD,Regular Gasoline,42,36
Ford,2023,Expedition,9110084574998214,Standard Sport Utility Vehicle 4WD,6.0,3.5,Automatic 10,4WD,Regular Gasoline,16,19
Ford,2023,Explorer,4621936609897702,Standard Sport Utility Vehicle 4WD,6.0,2.3,Automatic 10,4WD,Regular Gasoline,18,24
Ford,2023,F-150 Lightning,2358172878725132,Standard Pickup Trucks 4WD,0.0,0.0,Automatic 1,AWD,Electricity,73,60
Ford,2023,F150,2218989179919249,Standard Pickup Trucks 4WD,6.0,3.5,Automatic 10,4WD,Regular Gasoline,17,23
Ford,2023,Maverick,1454240756425897,Small Pickup Trucks 2WD,4.0,2.0,Automatic 8,AWD,Regular Gasoline,20,24
Ford,2023,Mustang,5592258929737430,Subcompact Cars,4.0,2.3,Automatic 10,RWD,Regular Gasoline,20,27
Ford,2023,Mustang Mach-E,7001783583838105,Small Sport Utility Vehicle 4WD,0.0,0.0,Automatic 1,AWD,Electricity,90,77
Ford,2023,Ranger,9697667673811152,Standard Pickup Trucks 4WD,4.0,2.3,Automatic 10,4WD,Regular Gasoline,19,24
Ford,2023,Transit Connect,2528170693563002,Special Purpose Vehicle 2WD,4.0,2.0,Automatic 8,FWD,Regular Gasoline,24,26
Ford,2024,Bronco,461252290457783,Small Sport Utility Vehicle 4WD,4.0,2.3,Automatic 10,4WD,Regular Gasoline,16,18
Ford,2024,Bronco Sport,7686678535628415,Small Sport Utility Vehicle 4WD,3.0,1.5,Automatic 8,4WD,Regular Gasoline,21,26
Ford,2024,Edge,1423490134968717,Small Sport Utility Vehicle 4WD,4.0,2.0,Automatic 8,AWD,Regular Gasoline,21,28
Ford,2024,Escape,4469745399376003,Small Sport Utility Vehicle 4WD,4.0,1.5,Automatic 8,AWD,Regular Gasoline,42,36
Ford,2024,Expedition,9110084625331071,Standard Sport Utility Vehicle 4WD,6.0,3.5,Automatic 10,4WD,Regular Gasoline,16,19
Ford,2024,Explorer,4621936660230559,Standard Sport Utility Vehicle 4WD,6.0,3.0,Automatic 10,4WD,Regular Gasoline,18,24
Ford,2024,F-150 Lightning,2358172861947513,Standard Pickup Trucks 4WD,0.0,0.0,Automatic 1,AWD,Electricity,78,63
Ford,2024,F150,2218989196696868,Standard Pickup Trucks 4WD,6.0,3.5,Automatic 10,4WD,Regular Gasoline,16,24
Ford,2024,Maverick,1454240773203516,Small Pickup Trucks 2WD,4.0,2.0,Automatic 8,AWD,Regular Gasoline,20,24
Ford,2024,Mustang,5592258980070287,Subcompact Cars,8.0,5.0,Automatic 10,RWD,Regular Gasoline,14,22
Ford,2024,Mustang Mach-E,7001783600615724,Small Sport Utility Vehicle 4WD,0.0,0.0,Automatic 1,AWD,Electricity,95,81
Ford,2024,Ranger,9697667791254485,Standard Pickup Trucks 4WD,4.0,2.3,Automatic 10,4WD,Regular Gasoline,16,18
GMC,0,Unknown,8882634665904292,Unknown,0.0,0.0,Unknown,Unknown,Unknown,0,0
GMC,2023,Acadia,885116447940344,Standard Sport Utility Vehicle 2WD,4.0,2.0,Automatic 9,AWD,Regular Gasoline,19,27
GMC,2023,Canyon,7537386161663975,Small Pickup Trucks 4WD,4.0,2.7,Automatic 8,4WD,Regular Gasoline,17,16
GMC,2023,Sierra,6898875873764149,Standard Pickup Trucks 4WD,8.0,5.3,Automatic 10,4WD,Regular Gasoline,15,20
GMC,2023,Terrain,4803091601967738,Small Sport Utility Vehicle 2WD,4.0,1.5,Automatic 9,AWD,Regular Gasoline,24,28
GMC,2023,Yukon,4305650714924861,Standard Sport Utility Vehicle 2WD,8.0,3.0,Automatic 10,4WD,Diesel,14,20
GMC,2024,Canyon,7537386111331118,Small Pickup Trucks 4WD,4.0,2.7,Automatic 8,4WD,Regular Gasoline,17,16
GMC,2024,Hummer EV,4865096013910539,Standard Pickup Trucks 4WD,0.0,0.0,Automatic 1,AWD,Electricity,55,45
GMC,2024,Sierra,6898875756320816,Standard Pickup Trucks 4WD,8.0,5.3,Automatic 10,4WD,Regular Gasoline,15,19
GMC,2024,Terrain,4803091518079643,Small Sport Utility Vehicle 2WD,4.0,1.5,Automatic 9,AWD,Regular Gasoline,23,28
GMC,2024,Yukon,4305650597481528,Standard Sport Utility Vehicle 2WD,8.0,3.0,Automatic 10,4WD,Diesel,14,20
Genesis,0,Unknown,8771862990555967,Unknown,0.0,0.0,Unknown,Unknown,Unknown,0,0
Genesis,2023,G70,1865096856061004,Compact Cars,4.0,2.0,Automatic 8,AWD,Premium Gasoline,17,26
Genesis,2023,G80,9911417066640863,Large Cars,4.0,2.5,Automatic 8,AWD,Premium Gasoline,22,25
Genesis,2023,G90,8024082019599358,Large Cars,6.0,3.5,Automatic 8,AWD,Premium Gasoline,17,24
Genesis,2023,GV60,2209936213656111,Large Cars,0.0,0.0,Automatic 1,AWD,Electricity,97,82
Genesis,2023,GV70,5768658280194254,Small Sport Utility Vehicle 4WD,4.0,2.5,Automatic 8,AWD,Premium Gasoline,19,24
Genesis,2023,GV80,7804390520702933,Standard Sport Utility Vehicle 4WD,4.0,2.5,Automatic 8,AWD,Premium Gasoline,18,23
Genesis,2024,G70,1865096839283385,Compact Cars,4.0,2.5,Automatic 8,AWD,Premium Gasoline,20,28
Genesis,2024,G80,9911417016308006,Large Cars,0.0,0.0,Automatic 8,AWD,Premium Gasoline,17,25
Genesis,2024,G90,8024082069932215,Large Cars,6.0,3.5,Automatic 8,AWD,Premium Gasoline,17,24
Genesis,2024,GV60,2209936163323254,Small Sport Utility Vehicle 4WD,0.0,0.0,Automatic 1,AWD,Electricity,97,82
Genesis,2024,GV70,5768658330527111,Small Sport Utility Vehicle 4WD,4.0,2.5,Automatic 8,AWD,Premium Gasoline,18,24
Genesis,2024,GV80,7804390403259600,Standard Sport Utility Vehicle 4WD,4.0,2.5,Automatic 8,AWD,Premium Gasoline,18,23
Genesis,2025,G70,1865096822505766,Compact Cars,4.0,2.5,Automatic 8,AWD,Premium Gasoline,17,23
Genesis,2025,GV70,5768658313749492,Small Sport Utility Vehicle 4WD,4.0,2.5,Automatic 8,AWD,Premium Gasoline,18,24
Genesis,2025,GV80,7804390420037219,Standard Sport Utility Vehicle 4WD,4.0,2.5,Automatic 8,AWD,Premium Gasoline,16,22
Honda,0,Unknown,4595510051903263,Unknown,0.0,0.0,Unknown,Unknown,Unknown,0,0
Honda,2023,Accord,2534137711040932,Large Cars,4.0,2.0,Automatic CVT,FWD,Regular Gasoline,29,37
Honda,2023,CR-V,6711480688346442,Small Sport Utility Vehicle 2WD,4.0,1.5,Automatic CVT,AWD,Regular Gasoline,27,34
Honda,2023,Civic,6722519977575680,Large Cars,4.0,1.5,Automatic 7,FWD,Regular Gasoline,30,37
Honda,2023,HR-V,7364392823565693,Small Station Wagons,4.0,2.0,Automatic CVT,AWD,Regular Gasoline,25,30
Honda,2023,Odyssey,8951828807835180,Minivan - 2WD,6.0,3.5,Automatic 10,FWD,Regular Gasoline,19,28
Honda,2023,Passport,915200999097690,Small Sport Utility Vehicle 4WD,6.0,3.5,Automatic 9,AWD,Regular Gasoline,19,24
Honda,2023,Pilot,4552950317993404,Standard Sport Utility Vehicle 4WD,6.0,3.5,Automatic 10,AWD,Regular Gasoline,19,25
Honda,2023,Ridgeline,9005168730393347,Standard Pickup Trucks 4WD,6.0,3.5,Automatic 9,AWD,Regular Gasoline,18,24
Honda,2024,Accord,2534137694263313,Large Cars,4.0,2.0,Automatic CVT,FWD,Regular Gasoline,29,37
Honda,2024,CR-V,6711480604458347,Small Sport Utility Vehicle 2WD,4.0,1.5,Automatic CVT,AWD,Regular Gasoline,27,34
Honda,2024,Civic,6722520095019013,Large Cars,4.0,1.5,Automatic 7,FWD,Regular Gasoline,30,37
Honda,2024,HR-V,7364392706122360,Small Station Wagons,4.0,2.0,Automatic CVT,AWD,Regular Gasoline,25,30
Honda,2024,Odyssey,8951828791057561,Minivan - 2WD,6.0,3.5,Automatic 10,FWD,Regular Gasoline,19,28
Honda,2024,Passport,915200915209595,Small Sport Utility Vehicle 4WD,6.0,3.5,Automatic 9,AWD,Regular Gasoline,19,24
Honda,2024,Pilot,4552950301215785,Standard Sport Utility Vehicle 4WD,6.0,3.5,Automatic 10,AWD,Regular Gasoline,19,25
Honda,2024,Prologue,5125305961280640,Standard Sport Utility Vehicle 4WD,0.0,0.0,Automatic 1,AWD,Electricity,99,84
Honda,2024,Ridgeline,9005168814281442,Standard Pickup Trucks 4WD,6.0,3.5,Automatic 9,AWD,Regular Gasoline,18,23
Honda,2025,CR-V,6711480587680728,Small Sport Utility Vehicle 2WD,4.0,1.5,Automatic CVT,AWD,Regular Gasoline,26,34
Honda,2025,HR-V,7364392722899979,Small Station Wagons,4.0,2.0,Automatic CVT,AWD,Regular Gasoline,25,30
Honda,2025,Pilot,4552950284438166,Standard Sport Utility Vehicle 4WD,6.0,3.5,Automatic 10,AWD,Regular Gasoline,19,25
Hyundai,0,Unknown,1143200118883287,Unknown,0.0,0.0,Unknown,Unknown,Unknown,0,0
Hyundai,2023,Elantra,4237795772316713,Midsize Cars,4.0,2.0,Automatic 1,FWD,Regular Gasoline,20,30
Hyundai,2023,Ioniq 6,9460699958965274,Midsize Cars,0.0,0.0,Automatic 1,RWD,Electricity,111,94
Hyundai,2023,Kona,728896042629023,Small Sport Utility Vehicle 2WD,4.0,2.0,Automatic 1,FWD,Regular Gasoline,20,35
Hyundai,2023,Nexo,4480532574835092,Small Sport Utility Vehicle 2WD,0.0,0.0,Automatic 1,FWD,Hydrogen,59,54
Hyundai,2023,Palisade,1605727859389235,Small Sport Utility Vehicle 2WD,6.0,3.8,Automatic 8,AWD,Regular Gasoline,19,25
Hyundai,2023,Santa Cruz,8783130949380921,Small Sport Utility Vehicle 4WD,4.0,2.5,Automatic 8,AWD,Regular Gasoline,19,25
Hyundai,2023,Santa Fe,5428859706993734,Small Sport Utility Vehicle 4WD,4.0,2.5,Automatic 8,AWD,Regular Gasoline,22,28
Hyundai,2023,Sonata,9888394155509352,Large Cars,4.0,2.5,Automatic 8,FWD,Regular Gasoline,27,37
Hyundai,2023,Tucson,1852659822320540,Small Sport Utility Vehicle 4WD,4.0,1.6,Automatic 6,AWD,Regular Gasoline,23,28
Hyundai,2023,Venue,1288219016883217,Midsize Cars,4.0,1.6,Automatic 1,FWD,Regular Gasoline,29,33
Hyundai,2024,Elantra,4237795789094332,Midsize Cars,4.0,2.0,Automatic 1,FWD,Regular Gasoline,20,27
Hyundai,2024,Ioniq 5,5150980604593214,Small Sport Utility Vehicle 2WD,0.0,0.0,Automatic 1,RWD,Electricity,110,88
Hyundai,2024,Ioniq 6,9460699875077179,Midsize Cars,0.0,0.0,Automatic 1,RWD,Electricity,111,94
Hyundai,2024,Kona,728895992296166,Small Sport Utility Vehicle 2WD,4.0,2.0,Automatic 1,FWD,Regular Gasoline,26,29
Hyundai,2024,Palisade,1605727943277330,Small Sport Utility Vehicle 2WD,6.0,3.8,Automatic 8,AWD,Regular Gasoline,19,24
Hyundai,2024,Santa Cruz,8783130966158540,Small Sport Utility Vehicle 4WD,4.0,2.5,Automatic 8,AWD,Regular Gasoline,19,25
Hyundai,2024,Santa Fe,5428859757326591,Small Sport Utility Vehicle 4WD,4.0,2.5,Automatic 8,AWD,Regular Gasoline,20,26
Hyundai,2024,Sonata,9888394272952685,Large Cars,4.0,2.5,Automatic 8,FWD,Regular Gasoline,25,32
Hyundai,2024,Tucson,1852659805542921,Small Sport Utility Vehicle 4WD,4.0,1.6,Automatic 6,AWD,Regular Gasoline,23,29
Hyundai,2024,Venue,1288219033660836,Small Sport Utility Vehicle 2WD,4.0,1.6,Automatic 1,FWD,Regular Gasoline,29,33
Hyundai,2025,Kona,728896009073785,Small Sport Utility Vehicle 2WD,4.0,2.0,Automatic 1,AWD,Regular Gasoline,26,29
Hyundai,2025,Palisade,1605727960054949,Small Sport Utility Vehicle 2WD,6.0,3.8,Automatic 8,AWD,Regular Gasoline,19,24
Hyundai,2025,Tucson,1852659788765302,Small Sport Utility Vehicle 2WD,4.0,2.5,Automatic 8,AWD,Regular Gasoline,24,30
INEOS Automotive,0,Unknown,6104798784945472,Unknown,0.0,0.0,Unknown,Unknown,Unknown,0,0
INEOS Automotive,2023,Grenadier,3083295224188430,Standard Sport Utility Vehicle 4WD,6.0,3.0,Automatic 8,4WD,Premium Gasoline,14,14
INEOS Automotive,2024,Grenadier,3083295274521287,Standard Sport Utility Vehicle 4WD,6.0,3.0,Automatic 8,4WD,Premium Gasoline,14,14
Infiniti,0,Unknown,6014770629431343,Unknown,0.0,0.0,Unknown,Unknown,Unknown,0,0
Infiniti,2023,Q50,7641850419417660,Midsize Cars,6.0,3.0,Automatic 7,AWD,Premium Gasoline,19,26
Infiniti,2023,QX50,8505784058051652,Small Sport Utility Vehicle 2WD,4.0,2.0,Automatic 8,AWD,Premium Gasoline,22,28
Infiniti,2023,QX55,631288690400635,Small Sport Utility Vehicle 4WD,4.0,2.0,Automatic 8,AWD,Premium Gasoline,22,28
Infiniti,2023,QX60,7258259459253283,Standard Sport Utility Vehicle 2WD,6.0,3.5,Automatic 9,AWD,Premium Gasoline,20,25
Infiniti,2023,QX80,7632377618448353,Standard Sport Utility Vehicle 4WD,8.0,5.6,Automatic 7,4WD,Premium Gasoline,13,19
Infiniti,2024,Q50,7641850402640041,Midsize Cars,6.0,3.0,Automatic 7,AWD,Premium Gasoline,19,26
Infiniti,2024,QX50,8505784041274033,Small Sport Utility Vehicle 2WD,4.0,2.0,Automatic 8,AWD,Premium Gasoline,22,28
Infiniti,2024,QX55,631288774288730,Small Sport Utility Vehicle 4WD,4.0,2.0,Automatic 8,AWD,Premium Gasoline,22,28
Infiniti,2024,QX60,7258259543141378,Standard Sport Utility Vehicle 2WD,6.0,3.5,Automatic 9,AWD,Premium Gasoline,20,25
Infiniti,2024,QX80,7632377635225972,Standard Sport Utility Vehicle 2WD,8.0,5.6,Automatic 7,4WD,Premium Gasoline,13,19
Jaguar,0,Unknown,3406363731687629,Unknown,0.0,0.0,Unknown,Unknown,Unknown,0,0
Jaguar,2023,E-Pace,5984221464670555,Small Sport Utility Vehicle 4WD,4.0,2.0,Automatic 9,AWD,Premium Gasoline,20,26
Jaguar,2023,F-Pace,3909230651807876,Small Sport Utility Vehicle 4WD,6.0,3.0,Automatic 8,4WD,Premium Gasoline,15,27
Jaguar,2023,F-Type,2300073702567799,Two Seaters,8.0,5.0,Automatic 8,AWD,Premium Gasoline,16,24
Jaguar,2023,I-Pace,2200346546349287,Small Sport Utility Vehicle 4WD,0.0,0.0,Automatic 1,4WD,Electricity,79,72
Jaguar,2023,XF,8248356308187608,Midsize Cars,4.0,2.0,Automatic 8,AWD,Premium Gasoline,22,30
Jaguar,2024,E-Pace,5984221548558650,Small Sport Utility Vehicle 4WD,4.0,2.0,Automatic 9,AWD,Premium Gasoline,20,26
Jaguar,2024,F-Pace,3909230635030257,Small Sport Utility Vehicle 4WD,4.0,2.0,Automatic 8,AWD,Premium Gasoline,15,21
Jaguar,2024,F-Type,2300073652234942,Two Seaters,8.0,5.0,Automatic 8,AWD,Premium Gasoline,16,24
Jaguar,2024,I-Pace,2200346496016430,Small Sport Utility Vehicle 4WD,0.0,0.0,Automatic 1,4WD,Electricity,79,72
Jaguar,2024,XF,8248356425630941,Midsize Cars,4.0,2.0,Automatic 8,AWD,Premium Gasoline,21,28
Jaguar,2025,F-Pace,3909230618252638,Small Sport Utility Vehicle 4WD,4.0,2.0,Automatic 8,AWD,Premium Gasoline,15,21
Jeep,0,Unknown,4909102112133355,Unknown,0.0,0.0,Unknown,Unknown,Unknown,0,0
Jeep,2023,Cherokee,7706403519012836,Small Sport Utility Vehicle 4WD,4.0,2.0,Automatic 9,AWD,Regular Gasoline,20,26
Jeep,2023,Compass,1644106044807490,Small Sport Utility Vehicle 4WD,4.0,2.0,Automatic 8,AWD,Regular Gasoline,24,32
Jeep,2023,Gladiator,7260370562317407,Standard Pickup Trucks 4WD,6.0,3.0,Automatic 8,4WD,Diesel,16,22
Jeep,2023,Grand Cherokee,9284201010918060,Standard Sport Utility Vehicle 4WD,6.0,3.6,Automatic 8,AWD,Regular Gasoline,19,26
Jeep,2023,Grand Wagoneer,6875906137528200,Standard Sport Utility Vehicle 4WD,6.0,3.0,Automatic 8,AWD,Premium Gasoline,14,18
Jeep,2023,Renegade,7464360632200487,Small Sport Utility Vehicle 4WD,4.0,1.3,Automatic 9,AWD,Regular Gasoline,22,27
Jeep,2023,Wagoneer,439305370572944,Standard Sport Utility Vehicle 2WD,6.0,3.0,Automatic 8,AWD,Regular Gasoline,16,23
Jeep,2023,Wrangler,1014617321248114,Small Sport Utility Vehicle 4WD,6.0,3.6,Automatic 8,4WD,Regular Gasoline,17,24
Jeep,2024,Compass,1644105960919395,Small Sport Utility Vehicle 4WD,4.0,2.0,Automatic 8,AWD,Regular Gasoline,24,32
Jeep,2024,Gladiator,7260370511984550,Standard Pickup Trucks 4WD,6.0,3.6,Automatic 8,4WD,Regular Gasoline,16,21
Jeep,2024,Grand Cherokee,9284200994140441,Standard Sport Utility Vehicle 4WD,6.0,3.6,Automatic 8,AWD,Regular Gasoline,19,26
Jeep,2024,Grand Wagoneer,6875906254971533,Standard Sport Utility Vehicle 4WD,6.0,3.0,Automatic 8,AWD,Premium Gasoline,14,20
Jeep,2024,Wagoneer,439305488016277,Standard Sport Utility Vehicle 2WD,6.0,3.0,Automatic 8,AWD,Regular Gasoline,16,23
Jeep,2024,Wrangler,1014617237360019,Small Sport Utility Vehicle 4WD,6.0,3.6,Automatic 8,4WD,Regular Gasoline,16,23
Kia,0,Unknown,805691474398614,Unknown,0.0,0.0,Unknown,Unknown,Unknown,0,0
Kia,2023,Carnival,1974402076611151,Minivan - 2WD,6.0,3.5,Automatic 8,FWD,Regular Gasoline,19,26
Kia,2023,EV6,4403512055722354,Small Station Wagons,0.0,0.0,Automatic 1,AWD,Electricity,85,74
Kia,2023,Forte,3696052699084093,Midsize Cars,4.0,1.6,Automatic CVT,FWD,Regular Gasoline,22,31
Kia,2023,K5,7504924999463629,Large Cars,4.0,1.6,Automatic 8,FWD,Regular Gasoline,24,32
Kia,2023,Niro,7267442936855375,Small Station Wagons,4.0,1.6,Automatic 6,FWD,Regular Gasoline,53,45
Kia,2023,Rio,5400354904460635,Compact Cars,4.0,1.6,Automatic 1,FWD,Regular Gasoline,32,41
Kia,2023,Seltos,9045636585781899,Small Sport Utility Vehicle 4WD,4.0,2.0,Automatic 8,AWD,Regular Gasoline,25,30
Kia,2023,Sorento,1742968501262355,Small Sport Utility Vehicle 4WD,4.0,2.5,Automatic 8,AWD,Regular Gasoline,22,29
Kia,2023,Soul,2401514344721702,Small Station Wagons,4.0,2.0,Automatic CVT,FWD,Regular Gasoline,28,33
Kia,2023,Sportage,8155498632761908,Small Sport Utility Vehicle 4WD,4.0,1.6,Automatic 6,AWD,Regular Gasoline,23,28
Kia,2023,Stinger,9985961143987007,Midsize Cars,4.0,2.5,Automatic 8,AWD,Premium Gasoline,17,24
Kia,2023,Telluride,5509911633309345,Small Sport Utility Vehicle 2WD,6.0,3.8,Automatic 8,AWD,Regular Gasoline,18,24
Kia,2024,Carnival,1974402026278294,Minivan - 2WD,6.0,3.5,Automatic 8,FWD,Regular Gasoline,19,26
Kia,2024,EV6,4403511971834259,Small Sport Utility Vehicle 4WD,0.0,0.0,Automatic 1,AWD,Electricity,88,77
Kia,2024,EV9,3439682641787226,Standard Sport Utility Vehicle 2WD,0.0,0.0,Automatic 1,AWD,Electricity,88,72
Kia,2024,Forte,3696052581640760,Midsize Cars,4.0,1.6,Automatic CVT,FWD,Regular Gasoline,22,31
Kia,2024,K5,7504924882020296,Large Cars,4.0,1.6,Automatic 8,FWD,Regular Gasoline,24,32
Kia,2024,Niro,7267442886522518,Small Sport Utility Vehicle 2WD,4.0,1.6,Automatic 6,FWD,Regular Gasoline,53,45
Kia,2024,Seltos,9045636669669994,Small Sport Utility Vehicle 4WD,4.0,2.0,Automatic 8,AWD,Regular Gasoline,25,27
Kia,2024,Sorento,1742968585150450,Small Sport Utility Vehicle 4WD,4.0,2.5,Automatic 8,AWD,Regular Gasoline,20,33
Kia,2024,Soul,2401514395054559,Small Station Wagons,4.0,2.0,Automatic CVT,FWD,Regular Gasoline,27,33
Kia,2024,Sportage,8155498615984289,Small Sport Utility Vehicle 4WD,4.0,1.6,Automatic 6,AWD,Regular Gasoline,23,26
Kia,2024,Telluride,5509911650086964,Small Sport Utility Vehicle 2WD,6.0,3.8,Automatic 8,AWD,Regular Gasoline,18,24
Kia,2025,Carnival,1974402043055913,Minivan - 2WD,6.0,3.5,Automatic 8,FWD,Regular Gasoline,18,26
Kia,2025,K5,7504924898797915,Large Cars,4.0,2.5,Automatic 8,FWD,Regular Gasoline,23,33
Kia,2025,Seltos,9045636686447613,Small Sport Utility Vehicle 4WD,4.0,2.0,Automatic 8,AWD,Regular Gasoline,24,27
Kia,2025,Sorento,1742968601928069,Small Sport Utility Vehicle 2WD,4.0,1.6,Automatic 6,AWD,Regular Gasoline,34,34
Kia,2025,Soul,2401514378276940,Small Station Wagons,4.0,2.0,Automatic CVT,FWD,Regular Gasoline,27,33
Lamborghini,0,Unknown,7387451458791357,Unknown,0.0,0.0,Unknown,Unknown,Unknown,0,0
Lamborghini,2023,Huracan,8314289091794372,Two Seaters,10.0,5.2,Automatic 7,AWD,Premium Gasoline,13,18
Lamborghini,2023,Urus,1619484505142161,Small Station Wagons,8.0,4.0,Automatic 8,AWD,Premium Gasoline,14,19
Lamborghini,2024,Huracan,8314289075016753,Two Seaters,10.0,5.2,Automatic 7,AWD,Premium Gasoline,13,18
Lamborghini,2024,Urus,1619484521919780,Small Station Wagons,8.0,4.0,Automatic 8,AWD,Premium Gasoline,14,19
Land Rover,0,Unknown,8892869415288246,Unknown,0.0,0.0,Unknown,Unknown,Unknown,0,0
Land Rover,2023,Defender,9536000131190206,Standard Sport Utility Vehicle 4WD,6.0,3.0,Automatic 8,4WD,Premium Gasoline,17,21
Land Rover,2023,Discovery,4579921848039303,Standard Sport Utility Vehicle 4WD,4.0,2.0,Automatic 8,4WD,Premium Gasoline,19,22
Land Rover,2023,Range Rover,9260975583989258,Standard Sport Utility Vehicle 4WD,6.0,3.0,Automatic 8,4WD,Premium Gasoline,16,26
Land Rover,2024,Defender,9536000181523063,Standard Sport Utility Vehicle 4WD,6.0,3.0,Automatic 8,4WD,Premium Gasoline,17,20
Land Rover,2024,Discovery,4579921797706446,Standard Sport Utility Vehicle 4WD,4.0,2.0,Automatic 8,4WD,Premium Gasoline,19,23
Land Rover,2024,Range Rover,9260975500101163,Standard Sport Utility Vehicle 4WD,6.0,3.0,Automatic 8,4WD,Premium Gasoline,16,24
Land Rover,2025,Range Rover,9260975483323544,Small Sport Utility Vehicle 4WD,6.0,3.0,Automatic 8,4WD,Premium Gasoline,19,26
Lexus,0,Unknown,4231424009270268,Unknown,0.0,0.0,Unknown,Unknown,Unknown,0,0
Lexus,2023,ES,820240478293683,Midsize Cars,4.0,2.5,Automatic 8,FWD,Regular Gasoline,22,31
Lexus,2023,GX,8026725254273376,Standard Sport Utility Vehicle 4WD,8.0,4.6,Automatic 6,4WD,Premium Gasoline,15,19
Lexus,2023,IS,4285500327733711,Compact Cars,6.0,3.5,Automatic 8,RWD,Premium Gasoline,19,26
Lexus,2023,LC,9140376782810978,Subcompact Cars,8.0,5.0,Automatic 10,RWD,Premium Gasoline,15,25
Lexus,2023,LS,7724684508489778,Midsize Cars,6.0,3.5,Automatic 10,AWD,Premium Gasoline,22,29
Lexus,2023,LX,4237532323878151,Standard Sport Utility Vehicle 4WD,6.0,3.4,Automatic 10,AWD,Premium Gasoline,17,22
Lexus,2023,NX,7579467184614145,Small Sport Utility Vehicle 4WD,4.0,2.5,Automatic 8,AWD,Premium Gasoline,22,33
Lexus,2023,RC,3449923980377324,Subcompact Cars,6.0,3.5,Automatic 8,RWD,Premium Gasoline,19,26
Lexus,2023,RX,4894151691900253,Small Sport Utility Vehicle 4WD,4.0,2.4,Automatic 6,AWD,Premium Gasoline,21,28
Lexus,2023,RZ,405150060085783,Small Sport Utility Vehicle 4WD,0.0,0.0,Automatic 1,AWD,Electricity,102,87
Lexus,2023,UX,9738049433958142,Compact Cars,4.0,2.0,Automatic 6,AWD,Regular Gasoline,41,38
Lexus,2024,ES,820240562181778,Midsize Cars,4.0,2.5,Automatic 8,FWD,Regular Gasoline,22,31
Lexus,2024,GX,8026725371716709,Standard Sport Utility Vehicle 4WD,6.0,3.4,Automatic 10,4WD,Premium Gasoline,15,21
Lexus,2024,IS,4285500277400854,Compact Cars,6.0,3.5,Automatic 8,RWD,Premium Gasoline,19,26
Lexus,2024,LC,9140376698922883,Subcompact Cars,8.0,5.0,Automatic 10,RWD,Premium Gasoline,15,24
Lexus,2024,LS,7724684424601683,Midsize Cars,6.0,3.4,Automatic 10,AWD,Premium Gasoline,22,29
Lexus,2024,LX,4237532273545294,Standard Sport Utility Vehicle 4WD,6.0,3.4,Automatic 10,AWD,Premium Gasoline,17,22
Lexus,2024,NX,7579467201391764,Small Sport Utility Vehicle 4WD,4.0,2.5,Automatic 8,AWD,Premium Gasoline,21,28
Lexus,2024,RC,3449923963599705,Subcompact Cars,6.0,3.5,Automatic 8,RWD,Premium Gasoline,19,26
Lexus,2024,RX,4894151574456920,Small Sport Utility Vehicle 4WD,4.0,2.4,Automatic 6,AWD,Premium Gasoline,21,28
Lexus,2024,RZ,405150009752926,Small Sport Utility Vehicle 2WD,0.0,0.0,Automatic 1,AWD,Electricity,102,87
Lexus,2024,TX,9905197845120918,Standard Sport Utility Vehicle 4WD,4.0,2.4,Automatic 8,AWD,Premium Gasoline,20,26
Lexus,2024,UX,9738049484290999,Compact Cars,4.0,2.0,Automatic 6,AWD,Regular Gasoline,41,38
Lexus,2025,NX,7579467218169383,Small Sport Utility Vehicle 4WD,4.0,2.5,Automatic 8,AWD,Premium Gasoline,21,28
Lexus,2025,UX,9738049467513380,Compact Cars,4.0,2.0,Automatic 6,AWD,Regular Gasoline,44,40
Lincoln,0,Unknown,3644192701308498,Unknown,0.0,0.0,Unknown,Unknown,Unknown,0,0
Lincoln,2023,Aviator,9403185224085967,Standard Sport Utility Vehicle 4WD,6.0,3.0,Automatic 10,4WD,Regular Gasoline,16,24
Lincoln,2023,Corsair,7821706566675626,Small Sport Utility Vehicle 4WD,4.0,2.0,Automatic 8,4WD,Regular Gasoline,21,28
Lincoln,2023,Nautilus,1660814809086244,Small Sport Utility Vehicle 4WD,4.0,2.0,Automatic 8,AWD,Regular Gasoline,20,25
Lincoln,2023,Navigator,6873795285605796,Standard Sport Utility Vehicle 2WD,6.0,3.5,Automatic 10,4WD,Regular Gasoline,16,23
Lincoln,2024,Aviator,9403185173753110,Standard Sport Utility Vehicle 2WD,6.0,3.0,Automatic 10,4WD,Regular Gasoline,17,24
Lincoln,2024,Corsair,7821706482787531,Small Sport Utility Vehicle 2WD,4.0,2.0,Automatic 8,AWD,Regular Gasoline,21,28
Lincoln,2024,Nautilus,1660814792308625,Small Sport Utility Vehicle 4WD,4.0,2.0,Automatic 8,4WD,Regular Gasoline,21,29
Lincoln,2024,Navigator,6873795268828177,Standard Sport Utility Vehicle 4WD,6.0,3.5,Automatic 10,4WD,Regular Gasoline,16,22
Lordstown,0,Unknown,3218637020814749,Unknown,0.0,0.0,Unknown,Unknown,Unknown,0,0
Lordstown,2023,Endurance,4665850825235317,Standard Pickup Trucks 4WD,0.0,0.0,Automatic 1,4WD,Electricity,49,46
Lotus,0,Unknown,867506483384938,Unknown,0.0,0.0,Unknown,Unknown,Unknown,0,0
Lotus,2024,Emira,2380899130543460,Two Seaters,6.0,3.5,Manual 6,RWD,Regular Gasoline,16,24
Lucid,0,Unknown,5860663403655620,Unknown,0.0,0.0,Unknown,Unknown,Unknown,0,0
Lucid,2023,Air,4887624597332655,Large Cars,0.0,0.0,Automatic 1,AWD,Electricity,121,120
Lucid,2024,Air,4887624546999798,Large Cars,0.0,0.0,Automatic 1,AWD,Electricity,108,101
MINI,0,Unknown,932320174390296,Unknown,0.0,0.0,Unknown,Unknown,Unknown,0,0
MINI,2023,Clubman,3596202676795255,Midsize Cars,4.0,2.0,Automatic 7,FWD,Premium Gasoline,22,32
MINI,2023,Cooper,3825244176323841,Subcompact Cars,3.0,1.5,Automatic 7,FWD,Premium Gasoline,27,38
MINI,2023,Countryman,5226203183721965,Midsize Cars,3.0,1.5,Automatic 7,AWD,Premium Gasoline,23,31
MINI,2023,John Cooper Works,6848846484372656,Midsize Cars,4.0,2.0,Automatic 8,FWD,Premium Gasoline,24,31
MINI,2024,Clubman,3596202626462398,Midsize Cars,4.0,2.0,Automatic 7,FWD,Premium Gasoline,22,32
MINI,2024,Cooper,3825244193101460,Subcompact Cars,3.0,1.5,Automatic 7,FWD,Premium Gasoline,27,38
MINI,2024,Countryman,5226203066278632,Midsize Cars,3.0,1.5,Automatic 7,AWD,Premium Gasoline,23,31
MINI,2024,John Cooper Works,6848846601815989,Midsize Cars,4.0,2.0,Automatic 8,FWD,Premium Gasoline,22,30
MINI,2025,Cooper,3825244209879079,Subcompact Cars,4.0,2.0,Automatic 7,FWD,Premium Gasoline,28,39
MINI,2025,Countryman,5226203083056251,Small Sport Utility Vehicle 4WD,4.0,2.0,Automatic 7,AWD,Premium Gasoline,24,32
MINI,2025,John Cooper Works,6848846585038370,Small Sport Utility Vehicle 4WD,4.0,2.0,Automatic 7,AWD,Premium Gasoline,23,30
Maserati,0,Unknown,3840102250746799,Unknown,0.0,0.0,Unknown,Unknown,Unknown,0,0
Maserati,2023,Ghibli,243228833824587,Midsize Cars,6.0,3.0,Automatic 8,RWD,Premium Gasoline,18,25
Maserati,2023,Grecale,5242379942961605,Small Sport Utility Vehicle 4WD,4.0,2.0,Automatic 8,AWD,Premium Gasoline,22,29
Maserati,2023,Levante,2719687681152869,Standard Sport Utility Vehicle 4WD,6.0,3.0,Automatic 8,AWD,Premium Gasoline,13,20
Maserati,2023,MC20,7353128334046218,Two Seaters,6.0,3.0,Automatic 8,RWD,Premium Gasoline,15,25
Maserati,2023,Quattroporte,2764416565720952,Large Cars,6.0,3.0,Automatic 8,RWD,Premium Gasoline,16,25
Maserati,2024,Ghibli,243228917712682,Midsize Cars,6.0,3.0,Automatic 8,RWD,Premium Gasoline,18,25
Maserati,2024,GranTurismo,8920815481772998,Subcompact Cars,6.0,3.0,Automatic 8,AWD,Premium Gasoline,18,27
Maserati,2024,Grancabrio,6657453447624491,Subcompact Cars,0.0,0.0,Automatic 1,AWD,Electricity,17,26
Maserati,2024,Granturismo,5376266890604518,Subcompact Cars,0.0,0.0,Automatic 1,AWD,Electricity,90,85
Maserati,2024,Grecale,5242379825518272,Small Sport Utility Vehicle 4WD,4.0,2.0,Automatic 8,AWD,Premium Gasoline,22,29
Maserati,2024,Levante,2719687563709536,Standard Sport Utility Vehicle 4WD,6.0,3.0,Automatic 8,AWD,Premium Gasoline,13,20
Maserati,2024,MC20,7353128250158123,Two Seaters,6.0,3.0,Automatic 8,RWD,Premium Gasoline,15,25
Maserati,2024,Quattroporte,2764416683164285,Large Cars,6.0,3.0,Automatic 8,RWD,Premium Gasoline,16,25
Mazda,0,Unknown,8961481787963722,Unknown,0.0,0.0,Unknown,Unknown,Unknown,0,0
Mazda,2023,3,6297493627044548,Compact Cars,4.0,2.5,Automatic 6,4WD,Regular Gasoline,26,35
Mazda,2023,CX-30,810442470053524,Small Sport Utility Vehicle 4WD,4.0,2.5,Automatic 6,4WD,Regular Gasoline,22,30
Mazda,2023,CX-5,2164620612682128,Small Sport Utility Vehicle 4WD,4.0,2.5,Automatic 6,4WD,Regular Gasoline,22,27
Mazda,2023,CX-50,8616498430095726,Small Sport Utility Vehicle 4WD,4.0,2.5,Automatic 6,4WD,Regular Gasoline,23,29
Mazda,2023,CX-9,1330356546932788,Small Sport Utility Vehicle 4WD,4.0,2.5,Automatic 6,4WD,Regular Gasoline,20,26
Mazda,2023,MX-30,6421323703028082,Midsize Cars,0.0,0.0,Automatic 1,FWD,Electricity,98,85
Mazda,2023,MX-5,3942396495331830,Two Seaters,4.0,2.0,Automatic 6,RWD,Premium Gasoline,26,34
Mazda,2024,3,6297493610266929,Midsize Cars,4.0,2.5,Automatic 6,4WD,Regular Gasoline,26,35
Mazda,2024,CX-30,810442453275905,Small Sport Utility Vehicle 4WD,4.0,2.5,Automatic 6,4WD,Regular Gasoline,22,30
Mazda,2024,CX-5,2164620730125461,Small Sport Utility Vehicle 4WD,4.0,2.5,Automatic 6,4WD,Regular Gasoline,22,27
Mazda,2024,CX-50,8616498480428583,Small Sport Utility Vehicle 4WD,4.0,2.5,Automatic 6,4WD,Regular Gasoline,23,29
Mazda,2024,CX-90,5786751296496539,Standard Sport Utility Vehicle 4WD,6.0,3.3,Automatic 8,4WD,Premium Gasoline,23,28
Mazda,2024,MX-5,3942396545664687,Two Seaters,4.0,2.0,Automatic 6,RWD,Premium Gasoline,26,34
McLaren Automotive,0,Unknown,385997355925832,Unknown,0.0,0.0,Unknown,Unknown,Unknown,0,0
McLaren Automotive,2023,Artura,5542652133956410,Two Seaters,6.0,3.0,Automatic 8,RWD,Premium Gasoline,17,21
Mercedes-Benz,0,Unknown,3706795429459167,Unknown,0.0,0.0,Unknown,Unknown,Unknown,0,0
Mercedes-Benz,2023,AMG GT,6437430556098270,Compact Cars,6.0,3.0,Automatic 9,AWD,Premium Gasoline,15,21
Mercedes-Benz,2023,C-Class,5430543565495446,Subcompact Cars,4.0,2.0,Automatic 9,AWD,Premium Gasoline,16,24
Mercedes-Benz,2023,CLA-Class,5718761020085497,Compact Cars,4.0,2.0,Automatic 7,AWD,Premium Gasoline,20,28
Mercedes-Benz,2023,CLS-Class,3157451529930627,Compact Cars,6.0,3.0,Automatic 9,AWD,Premium Gasoline,22,30
Mercedes-Benz,2023,E-Class,9143418508027604,Subcompact Cars,6.0,3.0,Automatic 9,AWD,Premium Gasoline,21,29
Mercedes-Benz,2023,EQS,4074018037663533,Standard Sport Utility Vehicle 4WD,0.0,0.0,Automatic 1,AWD,Electricity,79,74
Mercedes-Benz,2023,G-Class,464056746217698,Standard Sport Utility Vehicle 4WD,8.0,4.0,Automatic 9,4WD,Premium Gasoline,13,16
Mercedes-Benz,2023,GLA-Class,512925335784141,Small Station Wagons,4.0,2.0,Automatic 8,AWD,Premium Gasoline,20,25
Mercedes-Benz,2023,GLB-Class,7619956369431712,Midsize Station Wagons,4.0,2.0,Automatic 8,AWD,Premium Gasoline,21,27
Mercedes-Benz,2023,GLC-Class,675109711571047,Small Sport Utility Vehicle 4WD,4.0,2.0,Automatic 9,AWD,Premium Gasoline,17,24
Mercedes-Benz,2023,GLE-Class,5856527056065849,Standard Sport Utility Vehicle 4WD,6.0,3.0,Automatic 9,AWD,Premium Gasoline,20,21
Mercedes-Benz,2023,GLS-Class,6629049394387415,Standard Sport Utility Vehicle 4WD,8.0,4.0,Automatic 9,AWD,Premium Gasoline,14,19
Mercedes-Benz,2023,Metris Cargo,638013283706418,Special Purpose Vehicle 2WD,4.0,2.0,Automatic 9,RWD,Premium Gasoline,19,23
Mercedes-Benz,2023,Metris Passenger,4760203930285310,Special Purpose Vehicle 2WD,4.0,2.0,Automatic 9,RWD,Premium Gasoline,18,22
Mercedes-Benz,2023,S-Class,5807267653898022,Large Cars,6.0,3.0,Automatic 9,AWD,Premium Gasoline,20,25
Mercedes-Benz,2023,SL-Class,586186615363518,Minicompact Cars,8.0,4.0,Automatic 9,AWD,Premium Gasoline,13,21
Mercedes-Benz,2024,AMG GT,6437430606431127,Compact Cars,8.0,4.0,Automatic 9,AWD,Premium Gasoline,13,20
Mercedes-Benz,2024,C-Class,5430543615828303,Compact Cars,4.0,2.0,Automatic 9,AWD,Premium Gasoline,20,28
Mercedes-Benz,2024,CLA-Class,5718761036863116,Compact Cars,4.0,2.0,Automatic 8,AWD,Premium Gasoline,20,28
Mercedes-Benz,2024,CLE-Class,513273750053768,Subcompact Cars,4.0,2.0,Automatic 9,AWD,Premium Gasoline,23,32
Mercedes-Benz,2024,E-Class,9143418491249985,Midsize Cars,6.0,3.0,Automatic 9,AWD,Premium Gasoline,22,31
Mercedes-Benz,2024,EQB,2060981037882715,Small Sport Utility Vehicle 2WD,0.0,0.0,Automatic 1,AWD,Electricity,89,85
Mercedes-Benz,2024,EQE,9924862023031722,Midsize Cars,0.0,0.0,Automatic 1,AWD,Electricity,88,94
Mercedes-Benz,2024,EQS,4074017920220200,Large Cars,0.0,0.0,Automatic 1,AWD,Electricity,95,98
Mercedes-Benz,2024,G-Class,464056662329603,Standard Sport Utility Vehicle 4WD,8.0,4.0,Automatic 9,4WD,Premium Gasoline,13,16
Mercedes-Benz,2024,GLA-Class,512925218340808,Small Sport Utility Vehicle 4WD,4.0,2.0,Automatic 8,AWD,Premium Gasoline,22,28
Mercedes-Benz,2024,GLB-Class,7619956486875045,Midsize Station Wagons,4.0,2.0,Automatic 8,AWD,Premium Gasoline,21,26
Mercedes-Benz,2024,GLC-Class,675109661238190,Small Sport Utility Vehicle 4WD,4.0,2.0,Automatic 9,AWD,Premium Gasoline,24,24
Mercedes-Benz,2024,GLE-Class,5856527072843468,Standard Sport Utility Vehicle 4WD,6.0,3.0,Automatic 9,AWD,Premium Gasoline,15,19
Mercedes-Benz,2024,GLS-Class,6629049344054558,Standard Sport Utility Vehicle 4WD,8.0,4.0,Automatic 9,AWD,Premium Gasoline,14,18
Mercedes-Benz,2024,S-Class,5807267704230879,Large Cars,8.0,4.0,Automatic 9,AWD,Premium Gasoline,18,20
Mercedes-Benz,2024,SL-Class,586186665696375,Minicompact Cars,8.0,4.0,Automatic 9,AWD,Premium Gasoline,14,21
Mercedes-Benz,2025,CLA-Class,5718761053640735,Compact Cars,4.0,2.0,Automatic 8,AWD,Premium Gasoline,22,29
Mercedes-Benz,2025,GLA-Class,512925235118427,Small Sport Utility Vehicle 4WD,4.0,2.0,Automatic 8,AWD,Premium Gasoline,22,28
Mercedes-Benz,2025,GLB-Class,7619956470097426,Midsize Station Wagons,4.0,2.0,Automatic 8,AWD,Premium Gasoline,21,33
Mitsubishi,0,Unknown,2150933454680424,Unknown,0.0,0.0,Unknown,Unknown,Unknown,0,0
Mitsubishi,2023,Eclipse Cross,9459378661569412,Small Sport Utility Vehicle 2WD,4.0,1.5,Automatic 8,4WD,Regular Gasoline,25,28
Mitsubishi,2023,Mirage,9268683877236660,Compact Cars,3.0,1.2,Automatic CVT,FWD,Regular Gasoline,33,41
Mitsubishi,2023,Outlander,790072597405213,Small Sport Utility Vehicle 2WD,4.0,2.4,Automatic 6,4WD,Regular Gasoline,23,29
Mitsubishi,2024,Eclipse Cross,9459378644791793,Small Sport Utility Vehicle 4WD,4.0,1.5,Automatic 8,4WD,Regular Gasoline,25,28
Mitsubishi,2024,Mirage,9268683860459041,Compact Cars,3.0,1.2,Automatic CVT,FWD,Regular Gasoline,35,41
Mitsubishi,2024,Outlander,790072479961880,Small Sport Utility Vehicle 4WD,4.0,2.0,Automatic 6,4WD,Regular Gasoline,24,30
Nissan,0,Unknown,6801964070250583,Unknown,0.0,0.0,Unknown,Unknown,Unknown,0,0
Nissan,2023,ARIYA,4966799499754394,Small Station Wagons,0.0,0.0,Automatic 1,AWD,Electricity,89,84
Nissan,2023,Altima,537614151550208,Midsize Cars,4.0,2.5,Automatic CVT,FWD,Regular Gasoline,27,34
Nissan,2023,Armada,7203803420731498,Standard Sport Utility Vehicle 4WD,8.0,5.6,Automatic 7,4WD,Premium Gasoline,13,18
Nissan,2023,Frontier,3507673759997261,Standard Pickup Trucks 4WD,6.0,3.8,Automatic 9,4WD,Regular Gasoline,18,22
Nissan,2023,GT-R,3124610255857844,Subcompact Cars,6.0,3.8,Automatic 6,AWD,Premium Gasoline,16,22
Nissan,2023,Kicks,7668477372423985,Midsize Cars,4.0,1.6,Automatic CVT,FWD,Regular Gasoline,31,36
Nissan,2023,LEAF,8481529456346480,Midsize Cars,0.0,0.0,Automatic 1,FWD,Electricity,121,98
Nissan,2023,Maxima,9524248578035995,Midsize Cars,6.0,3.5,Automatic 7,FWD,Premium Gasoline,20,30
Nissan,2023,Murano,1575887285312764,Midsize Station Wagons,6.0,3.5,Automatic 7,AWD,Regular Gasoline,20,28
Nissan,2023,Pathfinder,4757479642177515,Small Sport Utility Vehicle 4WD,6.0,3.5,Automatic 9,4WD,Regular Gasoline,20,27
Nissan,2023,Rogue,9248617190270104,Small Sport Utility Vehicle 2WD,3.0,1.5,Automatic 8,AWD,Regular Gasoline,28,34
Nissan,2023,Sentra,6784325081084835,Midsize Cars,4.0,2.0,Automatic CVT,FWD,Regular Gasoline,28,37
Nissan,2023,Titan,5867977847899340,Standard Pickup Trucks 4WD,8.0,5.6,Automatic 9,4WD,Premium Gasoline,15,21
Nissan,2023,Versa,4505130589175047,Compact Cars,4.0,1.6,Automatic CVT,FWD,Regular Gasoline,27,35
Nissan,2023,Z,4035953809691816,Two Seaters,6.0,3.0,Automatic 9,RWD,Premium Gasoline,18,24
Nissan,2024,ARIYA,4966799415866299,Small Station Wagons,0.0,0.0,Automatic 1,AWD,Electricity,89,84
Nissan,2024,Altima,537614268993541,Midsize Cars,4.0,2.5,Automatic CVT,FWD,Regular Gasoline,27,34
Nissan,2024,Armada,7203803336843403,Standard Sport Utility Vehicle 2WD,8.0,5.6,Automatic 7,4WD,Premium Gasoline,13,18
Nissan,2024,Frontier,3507673642553928,Standard Pickup Trucks 4WD,6.0,3.8,Automatic 9,4WD,Regular Gasoline,18,22
Nissan,2024,GT-R,3124610239080225,Subcompact Cars,6.0,3.8,Automatic 6,AWD,Premium Gasoline,16,22
Nissan,2024,Kicks,7668477389201604,Midsize Cars,4.0,1.6,Automatic CVT,FWD,Regular Gasoline,31,36
Nissan,2024,LEAF,8481529573789813,Midsize Cars,0.0,0.0,Automatic 1,FWD,Electricity,121,98
Nissan,2024,Murano,1575887268535145,Midsize Station Wagons,6.0,3.5,Automatic 7,AWD,Regular Gasoline,20,28
Nissan,2024,Pathfinder,4757479726065610,Small Sport Utility Vehicle 4WD,6.0,3.5,Automatic 9,4WD,Regular Gasoline,20,27
Nissan,2024,Rogue,9248617307713437,Small Sport Utility Vehicle 2WD,3.0,1.5,Automatic 8,AWD,Regular Gasoline,28,34
Nissan,2024,Sentra,6784325164972930,Midsize Cars,4.0,2.0,Automatic CVT,FWD,Regular Gasoline,30,38
Nissan,2024,Titan,5867977831121721,Standard Pickup Trucks 4WD,8.0,5.6,Automatic 9,4WD,Premium Gasoline,15,21
Nissan,2024,Versa,4505130538842190,Compact Cars,4.0,1.6,Automatic CVT,FWD,Regular Gasoline,27,35
Nissan,2024,Z,4035953927135149,Two Seaters,6.0,3.0,Automatic 9,RWD,Premium Gasoline,17,24
Pagani,0,Unknown,3457907555084541,Unknown,0.0,0.0,Unknown,Unknown,Unknown,0,0
Pagani,2023,Huayra,6479997469008554,Two Seaters,12.0,6.0,Automatic 7,RWD,Premium Gasoline,10,15
Polestar,0,Unknown,5009179725658277,Unknown,0.0,0.0,Unknown,Unknown,Unknown,0,0
Polestar,2023,2,9085641096697626,Midsize Cars,0.0,0.0,Automatic 1,AWD,Electricity,105,96
Polestar,2024,2,9085641012809531,Midsize Cars,0.0,0.0,Automatic 1,AWD,Electricity,100,90
Porsche,0,Unknown,4182287168574185,Unknown,0.0,0.0,Unknown,Unknown,Unknown,0,0
Porsche,2023,718,1591138527808388,Two Seaters,4.0,4.0,Automatic 7,RWD,Premium Gasoline,19,24
Porsche,2023,911,6428702074390877,Minicompact Cars,6.0,3.0,Automatic 8,AWD,Premium Gasoline,17,23
Porsche,2023,Cayenne,9211758219500589,Standard Sport Utility Vehicle 4WD,8.0,4.0,Automatic 8,AWD,Premium Gasoline,17,19
Porsche,2023,Macan,8647108811405640,Small Sport Utility Vehicle 4WD,4.0,2.0,Automatic 7,AWD,Premium Gasoline,17,25
Porsche,2023,Panamera,1933437349385883,Large Cars,6.0,2.9,Automatic 8,AWD,Premium Gasoline,15,23
Porsche,2023,Taycan,4403714879370886,Compact Cars,0.0,0.0,Automatic 2,AWD,Electricity,80,80
Porsche,2024,718,1591138511030769,Two Seaters,4.0,4.0,Automatic 7,RWD,Premium Gasoline,19,24
Porsche,2024,911,6428701956947544,Minicompact Cars,6.0,3.0,Automatic 8,AWD,Premium Gasoline,17,23
Porsche,2024,Cayenne,9211758102057256,Standard Sport Utility Vehicle 4WD,6.0,3.0,Automatic 8,AWD,Premium Gasoline,15,21
Porsche,2024,Macan,8647108928848973,Small Sport Utility Vehicle 4WD,4.0,2.0,Automatic 7,AWD,Premium Gasoline,17,25
Porsche,2024,Panamera,1933437433273978,Large Cars,6.0,2.9,Automatic 8,AWD,Premium Gasoline,18,25
Porsche,2024,Taycan,4403714929703743,Compact Cars,0.0,0.0,Automatic 2,AWD,Electricity,80,80
RUF Automobile,0,Unknown,3432090685929093,Unknown,0.0,0.0,Unknown,Unknown,Unknown,0,0
RUF Automobile,2023,T12/CTR3/CTR Anniversary,7549234663838726,Two Seaters,6.0,3.8,Manual 7,RWD,Premium Gasoline,17,22
Ram,0,Unknown,8278686888605801,Unknown,0.0,0.0,Unknown,Unknown,Unknown,0,0
Ram,2023,1500,3190889656839080,Standard Pickup Trucks 4WD,8.0,5.7,Automatic 8,4WD,Midgrade Gasoline,15,21
Ram,2024,1500,3190889774282413,Standard Pickup Trucks 2WD,6.0,3.6,Automatic 8,4WD,Regular Gasoline,15,23
Ram,2025,1500,3190889757504794,Standard Pickup Trucks 4WD,6.0,3.0,Automatic 8,4WD,Regular Gasoline,20,24
Rivian,0,Unknown,1395333869417324,Unknown,0.0,0.0,Unknown,Unknown,Unknown,0,0
Rivian,2023,R1S,8259804976076685,Standard Sport Utility Vehicle 4WD,0.0,0.0,Automatic 1,4WD,Electricity,72,60
Rivian,2023,R1T,2569521998359704,Standard Pickup Trucks 4WD,0.0,0.0,Automatic 1,4WD,Electricity,80,71
Rivian,2024,R1S,8259804858633352,Standard Sport Utility Vehicle 4WD,0.0,0.0,Automatic 1,4WD,Electricity,80,74
Rivian,2024,R1T,2569522115803037,Standard Pickup Trucks 4WD,0.0,0.0,Automatic 1,4WD,Electricity,80,74
Rolls-Royce,0,Unknown,2794125596754314,Unknown,0.0,0.0,Unknown,Unknown,Unknown,0,0
Rolls-Royce,2023,Cullinan,5994005801011845,Midsize Station Wagons,12.0,6.7,Automatic 8,AWD,Premium Gasoline,12,19
Rolls-Royce,2023,Ghost,224572968090094,Large Cars,12.0,6.7,Automatic 8,AWD,Premium Gasoline,12,19
Rolls-Royce,2023,Phantom,582236643315456,Large Cars,12.0,6.7,Automatic 8,RWD,Premium Gasoline,12,18
Rolls-Royce,2024,Cullinan,5994005683568512,Midsize Station Wagons,12.0,6.7,Automatic 8,AWD,Premium Gasoline,12,19
Rolls-Royce,2024,Ghost,224573018422951,Large Cars,12.0,6.7,Automatic 8,AWD,Premium Gasoline,12,19
Rolls-Royce,2024,Phantom,582236760758789,Large Cars,12.0,6.7,Automatic 8,RWD,Premium Gasoline,12,18
Rolls-Royce,2024,Spectre,3284743951263400,Compact Cars,0.0,0.0,Automatic 1,AWD,Electricity,71,77
Subaru,0,Unknown,582567308549091,Unknown,0.0,0.0,Unknown,Unknown,Unknown,0,0
Subaru,2023,Ascent,5000713447099186,Standard Sport Utility Vehicle 4WD,4.0,2.4,Automatic 8,AWD,Regular Gasoline,19,25
Subaru,2023,BRZ,4624830313851404,Minicompact Cars,4.0,2.4,Automatic 6,RWD,Premium Gasoline,20,27
Subaru,2023,Crosstrek,5555581362342168,Small Sport Utility Vehicle 4WD,4.0,2.0,Automatic 8,AWD,Regular Gasoline,22,29
Subaru,2023,Forester,1691124093620930,Small Sport Utility Vehicle 4WD,4.0,2.5,Automatic 7,AWD,Regular Gasoline,25,28
Subaru,2023,Impreza,8290245698921520,Small Station Wagons,4.0,2.0,Automatic 7,AWD,Regular Gasoline,27,36
Subaru,2023,Legacy,5262731584053667,Large Cars,4.0,2.4,Automatic 8,AWD,Regular Gasoline,23,31
Subaru,2023,Outback,9995581729869241,Small Sport Utility Vehicle 4WD,4.0,2.4,Automatic 8,AWD,Regular Gasoline,21,26
Subaru,2023,Solterra,3903408308507432,Small Sport Utility Vehicle 4WD,0.0,0.0,Automatic 1,AWD,Electricity,111,93
Subaru,2023,WRX,4807292473049645,Midsize Cars,4.0,2.4,Automatic 8,AWD,Premium Gasoline,19,25
Subaru,2024,Ascent,5000713363211091,Standard Sport Utility Vehicle 4WD,4.0,2.4,Automatic 8,AWD,Regular Gasoline,19,25
Subaru,2024,BRZ,4624830297073785,Minicompact Cars,4.0,2.4,Automatic 6,RWD,Premium Gasoline,20,27
Subaru,2024,Crosstrek,5555581479785501,Small Sport Utility Vehicle 4WD,4.0,2.5,Automatic 8,AWD,Regular Gasoline,25,29
Subaru,2024,Forester,1691124009732835,Small Sport Utility Vehicle 4WD,4.0,2.5,Automatic 8,AWD,Regular Gasoline,25,28
Subaru,2024,Impreza,8290245816364853,Small Station Wagons,4.0,2.0,Automatic 8,AWD,Regular Gasoline,26,33
Subaru,2024,Legacy,5262731667941762,Midsize Cars,4.0,2.4,Automatic 8,AWD,Regular Gasoline,23,31
Subaru,2024,Outback,9995581746646860,Small Sport Utility Vehicle 4WD,4.0,2.4,Automatic 8,AWD,Regular Gasoline,21,26
Subaru,2024,Solterra,3903408425950765,Small Sport Utility Vehicle 4WD,0.0,0.0,Automatic 1,AWD,Electricity,111,93
Subaru,2024,WRX,4807292355606312,Midsize Cars,4.0,2.4,Automatic 8,AWD,Premium Gasoline,18,25
Subaru,2025,Forester,1691123992955216,Small Sport Utility Vehicle 4WD,4.0,2.5,Automatic 8,AWD,Regular Gasoline,25,32
Subaru,2025,Legacy,5262731684719381,Midsize Cars,4.0,2.4,Automatic 8,AWD,Regular Gasoline,23,31
Subaru,2025,Outback,9995581763424479,Small Sport Utility Vehicle 4WD,4.0,2.4,Automatic 8,AWD,Regular Gasoline,21,26
Tesla,0,Unknown,1068658423184002,Unknown,0.0,0.0,Unknown,Unknown,Unknown,0,0
Tesla,2023,Model 3,1588476157029571,Midsize Cars,0.0,0.0,Automatic 1,AWD,Electricity,118,126
Tesla,2023,Model S,570436047825891,Large Cars,0.0,0.0,Automatic 1,AWD,Electricity,124,115
Tesla,2023,Model X,5843585851790110,Standard Sport Utility Vehicle 4WD,0.0,0.0,Automatic 1,AWD,Electricity,94,88
Tesla,2023,Model Y,9523097921803649,Small Sport Utility Vehicle 4WD,0.0,0.0,Automatic 1,AWD,Electricity,115,106
Tesla,2024,Model 3,1588476240917666,Midsize Cars,0.0,0.0,Automatic 1,AWD,Electricity,137,124
Tesla,2024,Model S,570436131713986,Large Cars,0.0,0.0,Automatic 1,AWD,Electricity,100,91
Tesla,2024,Model X,5843585902122967,Standard Sport Utility Vehicle 4WD,0.0,0.0,Automatic 1,AWD,Electricity,94,86
Tesla,2024,Model Y,9523097938581268,Small Sport Utility Vehicle 4WD,0.0,0.0,Automatic 1,AWD,Electricity,111,98
Toyota,0,Unknown,3233063173565461,Unknown,0.0,0.0,Unknown,Unknown,Unknown,0,0
Toyota,2023,4Runner,759149930144698,Standard Sport Utility Vehicle 4WD,6.0,4.0,Automatic 5,4WD,Regular Gasoline,16,19
Toyota,2023,Camry,9088251208495570,Midsize Cars,4.0,2.5,Automatic 8,FWD,Regular Gasoline,22,34
Toyota,2023,Corolla,751452855482432,Compact Cars,4.0,1.8,Automatic 10,FWD,Regular Gasoline,32,41
Toyota,2023,Corolla Cross,4399594528309650,Small Sport Utility Vehicle 4WD,4.0,2.0,Automatic 10,AWD,Regular Gasoline,29,32
Toyota,2023,Crown,6140112989123703,Midsize Cars,4.0,2.4,Automatic 6,AWD,Regular Gasoline,29,32
Toyota,2023,GR 86,2873217097036517,Minicompact Cars,4.0,2.4,Automatic 6,RWD,Premium Gasoline,20,27
Toyota,2023,GR Supra,7818884616698438,Two Seaters,6.0,3.0,Automatic 8,RWD,Premium Gasoline,19,31
Toyota,2023,Highlander,7449593805768576,Small Sport Utility Vehicle 2WD,4.0,2.4,Automatic 6,AWD,Regular Gasoline,21,28
Toyota,2023,Mirai,3298767715696746,Compact Cars,0.0,0.0,Automatic CVT,RWD,Hydrogen,76,71
Toyota,2023,Prius,7379790539269169,Midsize Cars,4.0,2.0,Automatic CVT,4WD,Regular Gasoline,49,50
Toyota,2023,Prius Prime,5849185502172506,Midsize Cars,4.0,2.0,Automatic CVT,FWD,Regular Gasoline,50,47
Toyota,2023,RAV4,7026902055532801,Small Sport Utility Vehicle 4WD,4.0,2.5,Automatic 8,AWD,Regular Gasoline,27,33
Toyota,2023,RAV4 Prime,756408794540362,Small Sport Utility Vehicle 4WD,4.0,2.5,Automatic 6,AWD,Regular Gasoline,40,36
Toyota,2023,Sequoia,5463718724484521,Standard Sport Utility Vehicle 2WD,6.0,3.4,Automatic 10,4WD,Regular Gasoline,19,22
Toyota,2023,Sienna,811929206543472,Minivan - 2WD,4.0,2.5,Automatic 6,AWD,Regular Gasoline,35,36
Toyota,2023,Tacoma,5482037661164781,Small Pickup Trucks 4WD,6.0,3.5,Automatic 6,4WD,Regular Gasoline,17,22
Toyota,2023,Tundra,730631121068090,Standard Pickup Trucks 4WD,6.0,3.4,Automatic 10,4WD,Regular Gasoline,18,22
Toyota,2023,Venza,8285931388427904,Small Sport Utility Vehicle 4WD,4.0,2.5,Automatic 6,AWD,Regular Gasoline,40,37
Toyota,2023,bZ4X,28393589769782,Small Sport Utility Vehicle 2WD,0.0,0.0,Automatic 1,AWD,Electricity,112,92
Toyota,2024,4Runner,759149846256603,Standard Sport Utility Vehicle 4WD,6.0,4.0,Automatic 5,4WD,Regular Gasoline,16,19
Toyota,2024,Camry,9088251124607475,Midsize Cars,4.0,2.5,Automatic 8,FWD,Regular Gasoline,22,34
Toyota,2024,Corolla,751452972925765,Compact Cars,4.0,1.8,Automatic 10,FWD,Regular Gasoline,32,41
Toyota,2024,Corolla Cross,4399594444421555,Small Sport Utility Vehicle 4WD,4.0,2.0,Automatic 10,AWD,Regular Gasoline,29,31
Toyota,2024,Crown,6140112938790846,Midsize Cars,4.0,2.4,Automatic 6,AWD,Regular Gasoline,29,32
Toyota,2024,GR 86,2873216979593184,Minicompact Cars,4.0,2.4,Automatic 6,RWD,Premium Gasoline,20,26
Toyota,2024,GR Supra,7818884667031295,Two Seaters,6.0,3.0,Automatic 8,RWD,Premium Gasoline,19,31
Toyota,2024,Grand Highlander,6229454101258317,Standard Sport Utility Vehicle 2WD,4.0,2.4,Automatic 6,AWD,Regular Gasoline,21,27
Toyota,2024,Highlander,7449593923211909,Small Sport Utility Vehicle 2WD,4.0,2.4,Automatic 6,AWD,Regular Gasoline,21,28
Toyota,2024,Land Cruiser,2099509140709149,Standard Sport Utility Vehicle 4WD,4.0,2.4,Automatic 8,4WD,Premium Gasoline,22,25
Toyota,2024,Prius,7379790556046788,Midsize Cars,4.0,2.0,Automatic CVT,4WD,Regular Gasoline,49,50
Toyota,2024,Prius Prime,5849185418284411,Midsize Cars,4.0,2.0,Automatic CVT,FWD,Regular Gasoline,50,47
Toyota,2024,RAV4,7026902072310420,Small Sport Utility Vehicle 4WD,4.0,2.5,Automatic 8,AWD,Regular Gasoline,27,33
Toyota,2024,RAV4 Prime,756408710652267,Small Sport Utility Vehicle 4WD,4.0,2.5,Automatic 6,AWD,Regular Gasoline,40,36
Toyota,2024,Sequoia,5463718741262140,Standard Sport Utility Vehicle 2WD,6.0,3.4,Automatic 10,4WD,Regular Gasoline,19,22
Toyota,2024,Sienna,811929323986805,Minivan - 2WD,4.0,2.5,Automatic 6,AWD,Regular Gasoline,35,36
Toyota,2024,Tacoma,5482037543721448,Small Pickup Trucks 4WD,4.0,2.4,Automatic 8,4WD,Regular Gasoline,19,23
Toyota,2024,Tundra,730631037179995,Standard Pickup Trucks 4WD,6.0,3.4,Automatic 10,4WD,Regular Gasoline,18,23
Toyota,2024,Venza,8285931505871237,Small Sport Utility Vehicle 4WD,4.0,2.5,Automatic 6,AWD,Regular Gasoline,40,37
Toyota,2024,bZ4X,28393640102639,Small Sport Utility Vehicle 2WD,0.0,0.0,Automatic 1,AWD,Electricity,112,92
Toyota,2025,Crown,6140112955568465,Midsize Cars,4.0,2.4,Automatic 6,AWD,Regular Gasoline,29,32
Vinfast,0,Unknown,5694012095345006,Unknown,0.0,0.0,Unknown,Unknown,Unknown,0,0
Vinfast,2023,VF 8,8612289817012181,Special Purpose Vehicle 4WD,0.0,0.0,Automatic 1,AWD,Electricity,82,78
Vinfast,2024,VF 9,1313028140059539,Special Purpose Vehicle 4WD,0.0,0.0,Automatic 1,AWD,Electricity,71,66
Volkswagen,0,Unknown,8385899423333060,Unknown,0.0,0.0,Unknown,Unknown,Unknown,0,0
Volkswagen,2023,Arteon,8718245900590366,Large Cars,4.0,2.0,Automatic 7,AWD,Premium Gasoline,22,31
Volkswagen,2023,Atlas,8252165415221276,Small Sport Utility Vehicle 2WD,4.0,2.0,Automatic 8,AWD,Regular Gasoline,18,24
Volkswagen,2023,GLI,6252637915130533,Compact Cars,4.0,2.0,Automatic 7,FWD,Regular Gasoline,26,36
Volkswagen,2023,Golf/GTI,4455480014603498,Compact Cars,4.0,2.0,Automatic 7,AWD,Premium Gasoline,23,28
Volkswagen,2023,ID.4,9353817294345432,Small Sport Utility Vehicle 2WD,0.0,0.0,Automatic 1,RWD,Electricity,115,93
Volkswagen,2023,Jetta,2501515075434483,Compact Cars,4.0,1.5,Automatic 8,FWD,Regular Gasoline,29,40
Volkswagen,2023,Taos,3135597450780266,Small Sport Utility Vehicle 2WD,4.0,1.5,Automatic 7,AWD,Regular Gasoline,25,32
Volkswagen,2023,Tiguan,6453402354667719,Small Sport Utility Vehicle 2WD,4.0,2.0,Automatic 8,AWD,Regular Gasoline,21,28
Volkswagen,2024,Arteon,8718245950923223,Large Cars,4.0,2.0,Automatic 7,AWD,Premium Gasoline,22,30
Volkswagen,2024,Atlas,8252165398443657,Small Sport Utility Vehicle 4WD,4.0,2.0,Automatic 8,AWD,Regular Gasoline,19,26
Volkswagen,2024,GLI,6252637797687200,Compact Cars,4.0,2.0,Manual 6,FWD,Regular Gasoline,24,35
Volkswagen,2024,Golf/GTI,4455479930715403,Compact Cars,4.0,2.0,Automatic 7,AWD,Premium Gasoline,20,28
Volkswagen,2024,ID.4,9353817411788765,Small Sport Utility Vehicle 2WD,0.0,0.0,Automatic 1,RWD,Electricity,108,96
Volkswagen,2024,Jetta,2501515159322578,Compact Cars,4.0,1.5,Automatic 8,FWD,Regular Gasoline,29,40
Volkswagen,2024,Taos,3135597366892171,Small Sport Utility Vehicle 2WD,4.0,1.5,Automatic 7,AWD,Regular Gasoline,24,32
Volkswagen,2024,Tiguan,6453402304334862,Small Sport Utility Vehicle 2WD,4.0,2.0,Automatic 8,AWD,Regular Gasoline,22,29
Volvo,0,Unknown,7109429553076935,Unknown,0.0,0.0,Unknown,Unknown,Unknown,0,0
Volvo,2023,C40,7757337525985055,Small Sport Utility Vehicle 4WD,0.0,0.0,Automatic 1,AWD,Electricity,94,80
Volvo,2023,S60,5081913294497321,Compact Cars,4.0,2.0,Automatic 8,AWD,Premium Gasoline,25,33
Volvo,2023,S90,6297798013198490,Midsize Cars,4.0,2.0,Automatic 8,AWD,Premium Gasoline,23,32
Volvo,2023,V60,81951608883438,Small Station Wagons,4.0,2.0,Automatic 8,AWD,Premium Gasoline,23,30
Volvo,2023,V90,4657539385434997,Midsize Station Wagons,4.0,2.0,Automatic 8,AWD,Premium Gasoline,22,29
Volvo,2023,XC40,4304820160826341,Small Sport Utility Vehicle 4WD,4.0,2.0,Automatic 8,AWD,Premium Gasoline,23,30
Volvo,2023,XC60,237784828744875,Small Sport Utility Vehicle 4WD,4.0,2.0,Automatic 8,AWD,Premium Gasoline,23,27
Volvo,2023,XC90,6406477993527712,Standard Sport Utility Vehicle 4WD,4.0,2.0,Automatic 8,AWD,Premium Gasoline,20,26
Volvo,2024,C40,7757337475652198,Small Sport Utility Vehicle 2WD,0.0,0.0,Automatic 1,AWD,Electricity,106,91
Volvo,2024,S60,5081913311274940,Compact Cars,4.0,2.0,Automatic 8,AWD,Premium Gasoline,25,33
Volvo,2024,S90,6297797929310395,Midsize Cars,4.0,2.0,Automatic 8,AWD,Premium Gasoline,22,31
Volvo,2024,V60,81951659216295,Small Station Wagons,4.0,2.0,Automatic 8,AWD,Premium Gasoline,24,31
Volvo,2024,V90,4657539267991664,Midsize Station Wagons,4.0,2.0,Automatic 8,AWD,Premium Gasoline,22,29
Volvo,2024,XC40,4304820043383008,Small Sport Utility Vehicle 4WD,0.0,0.0,Automatic 1,AWD,Electricity,24,30
Volvo,2024,XC60,237784912632970,Small Sport Utility Vehicle 4WD,4.0,2.0,Automatic 8,AWD,Premium Gasoline,22,28
Volvo,2024,XC90,6406478110971045,Standard Sport Utility Vehicle 4WD,4.0,2.0,Automatic 8,AWD,Premium Gasoline,20,27
